stage,config_id,topic_threshold,cell_threshold,demand_half_life,quota_strength,schema_version,run_id,policy,workload,seed,trace_hash,deterministic_digest,requests,capacity,raw_hits,valid_hits,false_hits,misses,false_misses,reuse_opportunities,valid_hit_rate,false_hit_rate,hit_precision,opportunity_recall,safe_token_saving_ratio,admissions,rejections,evictions,final_cache_entries,mean_latency_us,p50_latency_us,p95_latency_us,p99_latency_us,throughput_qps,policy_topics,policy_cells,policy_ghost_cells,scan_return_requests,scan_return_valid_hits,scan_return_false_hits,scan_return_reuse_opportunities,scan_return_valid_hit_rate,scan_return_false_hit_rate,scan_return_opportunity_recall,shift_recovery_lag_mean_requests,shift_recovery_lag_max_requests,shift_recovery_failures,shift_recovery_transitions_json
capacity_sweep,2976a9153db4de63,0.7,0.97,500,1.0,carma-benchmark-v2,e0c98821a637b08c8aa8,CARMA,phase_shift,20260901,12f4d47c01772a0fbea40561b7785dc022dac42fad6f871b9f0faec3d52d9819,8722745d391e0ec135d7b9d4541a7ba43b59bdfb367699cc9108e5cea2b2d0c1,10000,20,4694,4694,0,5306,3571,8265,0.4694,0.0,1.0,0.56793708,0.38512021,114,5192,94,20,0.0,0.0,0.0,0.0,0.0,6,40,20,,,,,,,,2000.0,2000,4,"[{""lag_requests"":2000,""oracle_tail_opportunity_rate"":0.842,""phase"":""shift-1"",""recovered"":false,""requests"":2000,""tail_requests"":500,""target_valid_hit_rate"":0.7578,""window_requests"":200},{""lag_requests"":2000,""oracle_tail_opportunity_rate"":0.874,""phase"":""shift-2"",""recovered"":false,""requests"":2000,""tail_requests"":500,""target_valid_hit_rate"":0.7866,""window_requests"":200},{""lag_requests"":2000,""oracle_tail_opportunity_rate"":0.9,""phase"":""shift-3"",""recovered"":false,""requests"":2000,""tail_requests"":500,""target_valid_hit_rate"":0.81,""window_requests"":200},{""lag_requests"":2000,""oracle_tail_opportunity_rate"":0.906,""phase"":""shift-4"",""recovered"":false,""requests"":2000,""tail_requests"":500,""target_valid_hit_rate"":0.8154,""window_requests"":200}]"
capacity_sweep,2976a9153db4de63,0.7,0.97,500,1.0,carma-benchmark-v2,2ddcfc579602d0b23b9b,LFU,phase_shift,20260901,12f4d47c01772a0fbea40561b7785dc022dac42fad6f871b9f0faec3d52d9819,ca9f0ed4311e8f2b7c96bb82dad3846a1ef2568ff8af4c0960b3c51fb7a0732a,10000,20,1936,1936,0,8064,6329,8265,0.1936,0.0,1.0,0.23424077,0.1055518,8064,0,8044,20,0.0,0.0,0.0,0.0,0.0,0,0,0,,,,,,,,2000.0,2000,4,"[{""lag_requests"":2000,""oracle_tail_opportunity_rate"":0.842,""phase"":""shift-1"",""recovered"":false,""requests"":2000,""tail_requests"":500,""target_valid_hit_rate"":0.7578,""window_requests"":200},{""lag_requests"":2000,""oracle_tail_opportunity_rate"":0.874,""phase"":""shift-2"",""recovered"":false,""requests"":2000,""tail_requests"":500,""target_valid_hit_rate"":0.7866,""window_requests"":200},{""lag_requests"":2000,""oracle_tail_opportunity_rate"":0.9,""phase"":""shift-3"",""recovered"":false,""requests"":2000,""tail_requests"":500,""target_valid_hit_rate"":0.81,""window_requests"":200},{""lag_requests"":2000,""oracle_tail_opportunity_rate"":0.906,""phase"":""shift-4"",""recovered"":false,""requests"":2000,""tail_requests"":500,""target_valid_hit_rate"":0.8154,""window_requests"":200}]"
capacity_sweep,2976a9153db4de63,0.7,0.97,500,1.0,carma-benchmark-v2,a7ad13afc46029400357,LRU,phase_shift,20260901,12f4d47c01772a0fbea40561b7785dc022dac42fad6f871b9f0faec3d52d9819,fd06c1862391a6ae7794517bac56a88a3a43693259065be1b6e59f01742e3bef,10000,20,3933,3933,0,6067,4332,8265,0.3933,0.0,1.0,0.47586207,0.32169796,6067,0,6047,20,0.0,0.0,0.0,0.0,0.0,0,0,0,,,,,,,,2000.0,2000,4,"[{""lag_requests"":2000,""oracle_tail_opportunity_rate"":0.842,""phase"":""shift-1"",""recovered"":false,""requests"":2000,""tail_requests"":500,""target_valid_hit_rate"":0.7578,""window_requests"":200},{""lag_requests"":2000,""oracle_tail_opportunity_rate"":0.874,""phase"":""shift-2"",""recovered"":false,""requests"":2000,""tail_requests"":500,""target_valid_hit_rate"":0.7866,""window_requests"":200},{""lag_requests"":2000,""oracle_tail_opportunity_rate"":0.9,""phase"":""shift-3"",""recovered"":false,""requests"":2000,""tail_requests"":500,""target_valid_hit_rate"":0.81,""window_requests"":200},{""lag_requests"":2000,""oracle_tail_opportunity_rate"":0.906,""phase"":""shift-4"",""recovered"":false,""requests"":2000,""tail_requests"":500,""target_valid_hit_rate"":0.8154,""window_requests"":200}]"
capacity_sweep,2976a9153db4de63,0.7,0.97,500,1.0,carma-benchmark-v2,476b413e898e35c79f40,CARMA,phase_shift,20260902,63228e686ce439ddfffb26b1f101ee07e9ade8c733bf6d57487b0c3c71b98e54,dfc6d312d6e457de68d998a337944e53c05c5d4a6e6b40b16cc56198c3d4057e,10000,20,4648,4648,0,5352,3652,8300,0.4648,0.0,1.0,0.56,0.38387493,107,5245,87,20,0.0,0.0,0.0,0.0,0.0,6,40,20,,,,,,,,2000.0,2000,4,"[{""lag_requests"":2000,""oracle_tail_opportunity_rate"":0.876,""phase"":""shift-1"",""recovered"":false,""requests"":2000,""tail_requests"":500,""target_valid_hit_rate"":0.7884,""window_requests"":200},{""lag_requests"":2000,""oracle_tail_opportunity_rate"":0.894,""phase"":""shift-2"",""recovered"":false,""requests"":2000,""tail_requests"":500,""target_valid_hit_rate"":0.8046,""window_requests"":200},{""lag_requests"":2000,""oracle_tail_opportunity_rate"":0.882,""phase"":""shift-3"",""recovered"":false,""requests"":2000,""tail_requests"":500,""target_valid_hit_rate"":0.7938,""window_requests"":200},{""lag_requests"":2000,""oracle_tail_opportunity_rate"":0.918,""phase"":""shift-4"",""recovered"":false,""requests"":2000,""tail_requests"":500,""target_valid_hit_rate"":0.8262,""window_requests"":200}]"
capacity_sweep,2976a9153db4de63,0.7,0.97,500,1.0,carma-benchmark-v2,324997a9b770e36bd09c,LFU,phase_shift,20260902,63228e686ce439ddfffb26b1f101ee07e9ade8c733bf6d57487b0c3c71b98e54,36c807b425bcd73752c72cd6310661233a5283c1cde30ce5f9dc0b59c94738b2,10000,20,2831,2831,0,7169,5469,8300,0.2831,0.0,1.0,0.34108434,0.18021382,7169,0,7149,20,0.0,0.0,0.0,0.0,0.0,0,0,0,,,,,,,,2000.0,2000,4,"[{""lag_requests"":2000,""oracle_tail_opportunity_rate"":0.876,""phase"":""shift-1"",""recovered"":false,""requests"":2000,""tail_requests"":500,""target_valid_hit_rate"":0.7884,""window_requests"":200},{""lag_requests"":2000,""oracle_tail_opportunity_rate"":0.894,""phase"":""shift-2"",""recovered"":false,""requests"":2000,""tail_requests"":500,""target_valid_hit_rate"":0.8046,""window_requests"":200},{""lag_requests"":2000,""oracle_tail_opportunity_rate"":0.882,""phase"":""shift-3"",""recovered"":false,""requests"":2000,""tail_requests"":500,""target_valid_hit_rate"":0.7938,""window_requests"":200},{""lag_requests"":2000,""oracle_tail_opportunity_rate"":0.918,""phase"":""shift-4"",""recovered"":false,""requests"":2000,""tail_requests"":500,""target_valid_hit_rate"":0.8262,""window_requests"":200}]"
capacity_sweep,2976a9153db4de63,0.7,0.97,500,1.0,carma-benchmark-v2,cc0f49bad35d7b6eae70,LRU,phase_shift,20260902,63228e686ce439ddfffb26b1f101ee07e9ade8c733bf6d57487b0c3c71b98e54,d1c7846d0d3c07ba59bc40b44ea7bfa3e3e2466d7811145f6d2c91cefc261112,10000,20,3918,3918,0,6082,4382,8300,0.3918,0.0,1.0,0.47204819,0.32348567,6082,0,6062,20,0.0,0.0,0.0,0.0,0.0,0,0,0,,,,,,,,2000.0,2000,4,"[{""lag_requests"":2000,""oracle_tail_opportunity_rate"":0.876,""phase"":""shift-1"",""recovered"":false,""requests"":2000,""tail_requests"":500,""target_valid_hit_rate"":0.7884,""window_requests"":200},{""lag_requests"":2000,""oracle_tail_opportunity_rate"":0.894,""phase"":""shift-2"",""recovered"":false,""requests"":2000,""tail_requests"":500,""target_valid_hit_rate"":0.8046,""window_requests"":200},{""lag_requests"":2000,""oracle_tail_opportunity_rate"":0.882,""phase"":""shift-3"",""recovered"":false,""requests"":2000,""tail_requests"":500,""target_valid_hit_rate"":0.7938,""window_requests"":200},{""lag_requests"":2000,""oracle_tail_opportunity_rate"":0.918,""phase"":""shift-4"",""recovered"":false,""requests"":2000,""tail_requests"":500,""target_valid_hit_rate"":0.8262,""window_requests"":200}]"
capacity_sweep,2976a9153db4de63,0.7,0.97,500,1.0,carma-benchmark-v2,74e78962be67ea8a4732,CARMA,phase_shift,20260903,0d49568f6f9573c105455f2750d2740c4b8c749d0f70bb5966a5a4b3a74c3ba0,16ef2071dc8c7eae8718ebc4ff42b0a072ddcc885aac1d69e5291a5a0582c75a,10000,20,4891,4891,0,5109,3414,8305,0.4891,0.0,1.0,0.58892234,0.40621013,111,4998,91,20,0.0,0.0,0.0,0.0,0.0,6,40,20,,,,,,,,2000.0,2000,4,"[{""lag_requests"":2000,""oracle_tail_opportunity_rate"":0.854,""phase"":""shift-1"",""recovered"":false,""requests"":2000,""tail_requests"":500,""target_valid_hit_rate"":0.7686,""window_requests"":200},{""lag_requests"":2000,""oracle_tail_opportunity_rate"":0.85,""phase"":""shift-2"",""recovered"":false,""requests"":2000,""tail_requests"":500,""target_valid_hit_rate"":0.765,""window_requests"":200},{""lag_requests"":2000,""oracle_tail_opportunity_rate"":0.902,""phase"":""shift-3"",""recovered"":false,""requests"":2000,""tail_requests"":500,""target_valid_hit_rate"":0.8118,""window_requests"":200},{""lag_requests"":2000,""oracle_tail_opportunity_rate"":0.872,""phase"":""shift-4"",""recovered"":false,""requests"":2000,""tail_requests"":500,""target_valid_hit_rate"":0.7848,""window_requests"":200}]"
capacity_sweep,2976a9153db4de63,0.7,0.97,500,1.0,carma-benchmark-v2,4b8fd5e5d786e3355ed7,LFU,phase_shift,20260903,0d49568f6f9573c105455f2750d2740c4b8c749d0f70bb5966a5a4b3a74c3ba0,b54a1926762289e8ac258b297f8a6def561a219d14f827e89fc8afbda9d00aaf,10000,20,2586,2586,0,7414,5719,8305,0.2586,0.0,1.0,0.31137869,0.14141241,7414,0,7394,20,0.0,0.0,0.0,0.0,0.0,0,0,0,,,,,,,,2000.0,2000,4,"[{""lag_requests"":2000,""oracle_tail_opportunity_rate"":0.854,""phase"":""shift-1"",""recovered"":false,""requests"":2000,""tail_requests"":500,""target_valid_hit_rate"":0.7686,""window_requests"":200},{""lag_requests"":2000,""oracle_tail_opportunity_rate"":0.85,""phase"":""shift-2"",""recovered"":false,""requests"":2000,""tail_requests"":500,""target_valid_hit_rate"":0.765,""window_requests"":200},{""lag_requests"":2000,""oracle_tail_opportunity_rate"":0.902,""phase"":""shift-3"",""recovered"":false,""requests"":2000,""tail_requests"":500,""target_valid_hit_rate"":0.8118,""window_requests"":200},{""lag_requests"":2000,""oracle_tail_opportunity_rate"":0.872,""phase"":""shift-4"",""recovered"":false,""requests"":2000,""tail_requests"":500,""target_valid_hit_rate"":0.7848,""window_requests"":200}]"
capacity_sweep,2976a9153db4de63,0.7,0.97,500,1.0,carma-benchmark-v2,46db41f3c08b95d44995,LRU,phase_shift,20260903,0d49568f6f9573c105455f2750d2740c4b8c749d0f70bb5966a5a4b3a74c3ba0,60cc88f733715d24011a18dc84efc28115edd5d4c6f082d7622194b3d8128b4f,10000,20,4074,4074,0,5926,4231,8305,0.4074,0.0,1.0,0.49054786,0.3366292,5926,0,5906,20,0.0,0.0,0.0,0.0,0.0,0,0,0,,,,,,,,2000.0,2000,4,"[{""lag_requests"":2000,""oracle_tail_opportunity_rate"":0.854,""phase"":""shift-1"",""recovered"":false,""requests"":2000,""tail_requests"":500,""target_valid_hit_rate"":0.7686,""window_requests"":200},{""lag_requests"":2000,""oracle_tail_opportunity_rate"":0.85,""phase"":""shift-2"",""recovered"":false,""requests"":2000,""tail_requests"":500,""target_valid_hit_rate"":0.765,""window_requests"":200},{""lag_requests"":2000,""oracle_tail_opportunity_rate"":0.902,""phase"":""shift-3"",""recovered"":false,""requests"":2000,""tail_requests"":500,""target_valid_hit_rate"":0.8118,""window_requests"":200},{""lag_requests"":2000,""oracle_tail_opportunity_rate"":0.872,""phase"":""shift-4"",""recovered"":false,""requests"":2000,""tail_requests"":500,""target_valid_hit_rate"":0.7848,""window_requests"":200}]"
capacity_sweep,2976a9153db4de63,0.7,0.97,500,1.0,carma-benchmark-v2,1161f2b8cda84f7e7e6e,CARMA,phase_shift,20260904,7bdfac164be1e5de8f9b7aff405178f34440dd325f2042cf3ef7bc2c2b350792,1064480b2593d1693d8ea140c25445a1a21326849ae4e582ba2eb056ebe4fa7c,10000,20,4752,4752,0,5248,3532,8284,0.4752,0.0,1.0,0.57363592,0.38613589,103,5145,83,20,0.0,0.0,0.0,0.0,0.0,6,40,20,,,,,,,,2000.0,2000,4,"[{""lag_requests"":2000,""oracle_tail_opportunity_rate"":0.846,""phase"":""shift-1"",""recovered"":false,""requests"":2000,""tail_requests"":500,""target_valid_hit_rate"":0.7614,""window_requests"":200},{""lag_requests"":2000,""oracle_tail_opportunity_rate"":0.886,""phase"":""shift-2"",""recovered"":false,""requests"":2000,""tail_requests"":500,""target_valid_hit_rate"":0.7974,""window_requests"":200},{""lag_requests"":2000,""oracle_tail_opportunity_rate"":0.904,""phase"":""shift-3"",""recovered"":false,""requests"":2000,""tail_requests"":500,""target_valid_hit_rate"":0.8136,""window_requests"":200},{""lag_requests"":2000,""oracle_tail_opportunity_rate"":0.884,""phase"":""shift-4"",""recovered"":false,""requests"":2000,""tail_requests"":500,""target_valid_hit_rate"":0.7956,""window_requests"":200}]"
capacity_sweep,2976a9153db4de63,0.7,0.97,500,1.0,carma-benchmark-v2,fe40bb7027d0fd439e17,LFU,phase_shift,20260904,7bdfac164be1e5de8f9b7aff405178f34440dd325f2042cf3ef7bc2c2b350792,e2a9ebd974f13661d2a41ca3b48539800cb0d0c05cd61ebe580f1dbcb4e28faa,10000,20,2725,2725,0,7275,5559,8284,0.2725,0.0,1.0,0.32894737,0.16391961,7275,0,7255,20,0.0,0.0,0.0,0.0,0.0,0,0,0,,,,,,,,2000.0,2000,4,"[{""lag_requests"":2000,""oracle_tail_opportunity_rate"":0.846,""phase"":""shift-1"",""recovered"":false,""requests"":2000,""tail_requests"":500,""target_valid_hit_rate"":0.7614,""window_requests"":200},{""lag_requests"":2000,""oracle_tail_opportunity_rate"":0.886,""phase"":""shift-2"",""recovered"":false,""requests"":2000,""tail_requests"":500,""target_valid_hit_rate"":0.7974,""window_requests"":200},{""lag_requests"":2000,""oracle_tail_opportunity_rate"":0.904,""phase"":""shift-3"",""recovered"":false,""requests"":2000,""tail_requests"":500,""target_valid_hit_rate"":0.8136,""window_requests"":200},{""lag_requests"":2000,""oracle_tail_opportunity_rate"":0.884,""phase"":""shift-4"",""recovered"":false,""requests"":2000,""tail_requests"":500,""target_valid_hit_rate"":0.7956,""window_requests"":200}]"
capacity_sweep,2976a9153db4de63,0.7,0.97,500,1.0,carma-benchmark-v2,cbb17d529a84ad8e1f49,LRU,phase_shift,20260904,7bdfac164be1e5de8f9b7aff405178f34440dd325f2042cf3ef7bc2c2b350792,bebdb31c0232534d0ddbf436c58b56217167d2ea74e4759074a5ee884c0ac05f,10000,20,3914,3914,0,6086,4370,8284,0.3914,0.0,1.0,0.47247706,0.31949274,6086,0,6066,20,0.0,0.0,0.0,0.0,0.0,0,0,0,,,,,,,,2000.0,2000,4,"[{""lag_requests"":2000,""oracle_tail_opportunity_rate"":0.846,""phase"":""shift-1"",""recovered"":false,""requests"":2000,""tail_requests"":500,""target_valid_hit_rate"":0.7614,""window_requests"":200},{""lag_requests"":2000,""oracle_tail_opportunity_rate"":0.886,""phase"":""shift-2"",""recovered"":false,""requests"":2000,""tail_requests"":500,""target_valid_hit_rate"":0.7974,""window_requests"":200},{""lag_requests"":2000,""oracle_tail_opportunity_rate"":0.904,""phase"":""shift-3"",""recovered"":false,""requests"":2000,""tail_requests"":500,""target_valid_hit_rate"":0.8136,""window_requests"":200},{""lag_requests"":2000,""oracle_tail_opportunity_rate"":0.884,""phase"":""shift-4"",""recovered"":false,""requests"":2000,""tail_requests"":500,""target_valid_hit_rate"":0.7956,""window_requests"":200}]"
capacity_sweep,2976a9153db4de63,0.7,0.97,500,1.0,carma-benchmark-v2,223451805649bd59d045,CARMA,phase_shift,20260905,38939b8efe91a6e78fe85b80e78b662885812ccb1cb551e310db83bc3a9eba89,91a81c898018f362b47b31d187ad596136fb7cb1fffd21d1e38c67700f91771d,10000,20,4833,4833,0,5167,3434,8267,0.4833,0.0,1.0,0.58461352,0.398073,108,5059,88,20,0.0,0.0,0.0,0.0,0.0,6,40,20,,,,,,,,2000.0,2000,4,"[{""lag_requests"":2000,""oracle_tail_opportunity_rate"":0.88,""phase"":""shift-1"",""recovered"":false,""requests"":2000,""tail_requests"":500,""target_valid_hit_rate"":0.792,""window_requests"":200},{""lag_requests"":2000,""oracle_tail_opportunity_rate"":0.854,""phase"":""shift-2"",""recovered"":false,""requests"":2000,""tail_requests"":500,""target_valid_hit_rate"":0.7686,""window_requests"":200},{""lag_requests"":2000,""oracle_tail_opportunity_rate"":0.868,""phase"":""shift-3"",""recovered"":false,""requests"":2000,""tail_requests"":500,""target_valid_hit_rate"":0.7812,""window_requests"":200},{""lag_requests"":2000,""oracle_tail_opportunity_rate"":0.894,""phase"":""shift-4"",""recovered"":false,""requests"":2000,""tail_requests"":500,""target_valid_hit_rate"":0.8046,""window_requests"":200}]"
capacity_sweep,2976a9153db4de63,0.7,0.97,500,1.0,carma-benchmark-v2,53cc96ab729a98face9f,LFU,phase_shift,20260905,38939b8efe91a6e78fe85b80e78b662885812ccb1cb551e310db83bc3a9eba89,5e59abcc4ba2dfcd0d117864cc94d1583dbc6008f102b67966ea8640848aedf3,10000,20,2032,2032,0,7968,6235,8267,0.2032,0.0,1.0,0.24579654,0.11208608,7968,0,7948,20,0.0,0.0,0.0,0.0,0.0,0,0,0,,,,,,,,2000.0,2000,4,"[{""lag_requests"":2000,""oracle_tail_opportunity_rate"":0.88,""phase"":""shift-1"",""recovered"":false,""requests"":2000,""tail_requests"":500,""target_valid_hit_rate"":0.792,""window_requests"":200},{""lag_requests"":2000,""oracle_tail_opportunity_rate"":0.854,""phase"":""shift-2"",""recovered"":false,""requests"":2000,""tail_requests"":500,""target_valid_hit_rate"":0.7686,""window_requests"":200},{""lag_requests"":2000,""oracle_tail_opportunity_rate"":0.868,""phase"":""shift-3"",""recovered"":false,""requests"":2000,""tail_requests"":500,""target_valid_hit_rate"":0.7812,""window_requests"":200},{""lag_requests"":2000,""oracle_tail_opportunity_rate"":0.894,""phase"":""shift-4"",""recovered"":false,""requests"":2000,""tail_requests"":500,""target_valid_hit_rate"":0.8046,""window_requests"":200}]"
capacity_sweep,2976a9153db4de63,0.7,0.97,500,1.0,carma-benchmark-v2,88d30f0a8222490e140e,LRU,phase_shift,20260905,38939b8efe91a6e78fe85b80e78b662885812ccb1cb551e310db83bc3a9eba89,5d112c211a40b3ddc7d81a55231fe9ab6edc0beedcc7f13099aedd8ab7badd4b,10000,20,4031,4031,0,5969,4236,8267,0.4031,0.0,1.0,0.48760131,0.33044336,5969,0,5949,20,0.0,0.0,0.0,0.0,0.0,0,0,0,,,,,,,,2000.0,2000,4,"[{""lag_requests"":2000,""oracle_tail_opportunity_rate"":0.88,""phase"":""shift-1"",""recovered"":false,""requests"":2000,""tail_requests"":500,""target_valid_hit_rate"":0.792,""window_requests"":200},{""lag_requests"":2000,""oracle_tail_opportunity_rate"":0.854,""phase"":""shift-2"",""recovered"":false,""requests"":2000,""tail_requests"":500,""target_valid_hit_rate"":0.7686,""window_requests"":200},{""lag_requests"":2000,""oracle_tail_opportunity_rate"":0.868,""phase"":""shift-3"",""recovered"":false,""requests"":2000,""tail_requests"":500,""target_valid_hit_rate"":0.7812,""window_requests"":200},{""lag_requests"":2000,""oracle_tail_opportunity_rate"":0.894,""phase"":""shift-4"",""recovered"":false,""requests"":2000,""tail_requests"":500,""target_valid_hit_rate"":0.8046,""window_requests"":200}]"
capacity_sweep,2976a9153db4de63,0.7,0.97,500,1.0,carma-benchmark-v2,d3d1c39a3af5eed0c430,CARMA,pollution_scan,20260901,b907ae74d62efb16d0edd971cf59414957ae5165365dac6ea44abdc55b24fe24,10a3cc083d16d171f3ea87b5cc0169dc8d5014c4367e7b588b532c5587dce8b9,10000,20,4537,4537,0,5463,1383,5920,0.4537,0.0,1.0,0.76638514,0.27734435,147,5316,127,20,0.0,0.0,0.0,0.0,0.0,6,40,20,3000,2286,0,3000,0.762,0.0,0.762,,,,
capacity_sweep,2976a9153db4de63,0.7,0.97,500,1.0,carma-benchmark-v2,915854fa95dc9b1a195d,LFU,pollution_scan,20260901,b907ae74d62efb16d0edd971cf59414957ae5165365dac6ea44abdc55b24fe24,9b203fcd5d0fd768d71e58b578bbfb35c7b8ad4c25e7ea3c906260c8b2f37598,10000,20,4257,4257,0,5743,1663,5920,0.4257,0.0,1.0,0.71908784,0.22464826,5743,0,5723,20,0.0,0.0,0.0,0.0,0.0,0,0,0,3000,2139,0,3000,0.713,0.0,0.713,,,,
capacity_sweep,2976a9153db4de63,0.7,0.97,500,1.0,carma-benchmark-v2,1ea90fb98acd2044cbe0,LRU,pollution_scan,20260901,b907ae74d62efb16d0edd971cf59414957ae5165365dac6ea44abdc55b24fe24,69b55cb4d03505080545c98d550cde3a6da022a0912bb6e68c6f5d40a6221583,10000,20,3978,3978,0,6022,1942,5920,0.3978,0.0,1.0,0.67195946,0.20914953,6022,0,6002,20,0.0,0.0,0.0,0.0,0.0,0,0,0,3000,2011,0,3000,0.67033333,0.0,0.67033333,,,,
capacity_sweep,2976a9153db4de63,0.7,0.97,500,1.0,carma-benchmark-v2,ad89102b785fd90d864b,CARMA,pollution_scan,20260902,bd37c54a996e64686adb5387c1707213768c3ca65f5478e6f87dfdf1ace1249c,5eaa7e0dddf816d31c53f49997ceb17644a049f61383ae0fce88471510d8b7fb,10000,20,4529,4529,0,5471,1391,5920,0.4529,0.0,1.0,0.76503378,0.27305404,127,5344,107,20,0.0,0.0,0.0,0.0,0.0,6,40,20,3000,2272,0,3000,0.75733333,0.0,0.75733333,,,,
capacity_sweep,2976a9153db4de63,0.7,0.97,500,1.0,carma-benchmark-v2,c42b323ce2821c61cbad,LFU,pollution_scan,20260902,bd37c54a996e64686adb5387c1707213768c3ca65f5478e6f87dfdf1ace1249c,d8eca044fba6e37a0bd740d62259835875f2031e2727aa88c77d29f27c532f02,10000,20,4328,4328,0,5672,1592,5920,0.4328,0.0,1.0,0.73108108,0.23024362,5672,0,5652,20,0.0,0.0,0.0,0.0,0.0,0,0,0,3000,2182,0,3000,0.72733333,0.0,0.72733333,,,,
capacity_sweep,2976a9153db4de63,0.7,0.97,500,1.0,carma-benchmark-v2,9e453b2258bdf10506d4,LRU,pollution_scan,20260902,bd37c54a996e64686adb5387c1707213768c3ca65f5478e6f87dfdf1ace1249c,7bba5924e332ade1d800e5e03a94b1ab3d55bab15918dcab4b69c4112a58ccfc,10000,20,3991,3991,0,6009,1929,5920,0.3991,0.0,1.0,0.67415541,0.21351381,6009,0,5989,20,0.0,0.0,0.0,0.0,0.0,0,0,0,3000,1981,0,3000,0.66033333,0.0,0.66033333,,,,
capacity_sweep,2976a9153db4de63,0.7,0.97,500,1.0,carma-benchmark-v2,2f28dd6c1617bd88ed79,CARMA,pollution_scan,20260903,2e783243ddaad7d4dd7594420d07dacd9193c15ab2dc0f8c3702dec8b4ed89a4,af0dcf518de6b6084f3ccc3ec046e195a3e454f5ef7b9708dbfc74fe1ad7274f,10000,20,4574,4574,0,5426,1346,5920,0.4574,0.0,1.0,0.77263514,0.27474294,163,5263,143,20,0.0,0.0,0.0,0.0,0.0,6,40,20,3000,2288,0,3000,0.76266667,0.0,0.76266667,,,,
capacity_sweep,2976a9153db4de63,0.7,0.97,500,1.0,carma-benchmark-v2,5c14642fd4972b4efff7,LFU,pollution_scan,20260903,2e783243ddaad7d4dd7594420d07dacd9193c15ab2dc0f8c3702dec8b4ed89a4,683050809987d2427baa8ecc73282d7a07d83b8a3a34b96542b195e2d98194c7,10000,20,4387,4387,0,5613,1533,5920,0.4387,0.0,1.0,0.7410473,0.24085195,5613,0,5593,20,0.0,0.0,0.0,0.0,0.0,0,0,0,3000,2183,0,3000,0.72766667,0.0,0.72766667,,,,
capacity_sweep,2976a9153db4de63,0.7,0.97,500,1.0,carma-benchmark-v2,ee9a67d4ee2823f7c87d,LRU,pollution_scan,20260903,2e783243ddaad7d4dd7594420d07dacd9193c15ab2dc0f8c3702dec8b4ed89a4,ce7da755fb760139d38bbb031f89ff60c45c0e2688b9cb10590311675423b7e0,10000,20,4079,4079,0,5921,1841,5920,0.4079,0.0,1.0,0.68902027,0.21757604,5921,0,5901,20,0.0,0.0,0.0,0.0,0.0,0,0,0,3000,2016,0,3000,0.672,0.0,0.672,,,,
capacity_sweep,2976a9153db4de63,0.7,0.97,500,1.0,carma-benchmark-v2,1483d0073aec38ffe6e3,CARMA,pollution_scan,20260904,c4a0a02deaaaecb2783800f6d5a443d457825fd56ccce4fc262d4af90b41d7c8,f7d8b1c065b08cef7e393c997af31b462c758e71df3f64a0f69e94cfd5e127fb,10000,20,4561,4561,0,5439,1359,5920,0.4561,0.0,1.0,0.77043919,0.2776737,112,5327,92,20,0.0,0.0,0.0,0.0,0.0,6,40,20,3000,2283,0,3000,0.761,0.0,0.761,,,,
capacity_sweep,2976a9153db4de63,0.7,0.97,500,1.0,carma-benchmark-v2,d67a862e3687eb025535,LFU,pollution_scan,20260904,c4a0a02deaaaecb2783800f6d5a443d457825fd56ccce4fc262d4af90b41d7c8,22cb98cfb1ad9286e30c76a83a14e1f958200c5627b13c710e7c4cca15d8e1bf,10000,20,4165,4165,0,5835,1755,5920,0.4165,0.0,1.0,0.7035473,0.22193515,5835,0,5815,20,0.0,0.0,0.0,0.0,0.0,0,0,0,3000,2061,0,3000,0.687,0.0,0.687,,,,
capacity_sweep,2976a9153db4de63,0.7,0.97,500,1.0,carma-benchmark-v2,fff1f7026a8b96ebf719,LRU,pollution_scan,20260904,c4a0a02deaaaecb2783800f6d5a443d457825fd56ccce4fc262d4af90b41d7c8,2215a5c0511c182c9af2aa864c24fcea174c72ca4e6d51703c7bd8c55a036e13,10000,20,3978,3978,0,6022,1942,5920,0.3978,0.0,1.0,0.67195946,0.20860088,6022,0,6002,20,0.0,0.0,0.0,0.0,0.0,0,0,0,3000,1973,0,3000,0.65766667,0.0,0.65766667,,,,
capacity_sweep,2976a9153db4de63,0.7,0.97,500,1.0,carma-benchmark-v2,1e9c1d49ab9006d9652d,CARMA,pollution_scan,20260905,0fa6d3adfead255147fe857bca6f6daa716fcec745387369bae2c804171c3c5a,cabc7bd9f034d60da8b0d2140bf6f41dd615cb022a5b516e323ea52282099428,10000,20,4594,4594,0,5406,1326,5920,0.4594,0.0,1.0,0.77601351,0.28525449,131,5275,111,20,0.0,0.0,0.0,0.0,0.0,6,40,20,3000,2300,0,3000,0.76666667,0.0,0.76666667,,,,
capacity_sweep,2976a9153db4de63,0.7,0.97,500,1.0,carma-benchmark-v2,9fb534234efe2c7324b7,LFU,pollution_scan,20260905,0fa6d3adfead255147fe857bca6f6daa716fcec745387369bae2c804171c3c5a,fcdfe4e8bf3766f48ded31eb000fac985472551d7a9cd88387e9d8c0021934b4,10000,20,4360,4360,0,5640,1560,5920,0.436,0.0,1.0,0.73648649,0.24252932,5640,0,5620,20,0.0,0.0,0.0,0.0,0.0,0,0,0,3000,2194,0,3000,0.73133333,0.0,0.73133333,,,,
capacity_sweep,2976a9153db4de63,0.7,0.97,500,1.0,carma-benchmark-v2,c0a6108d74a200a57840,LRU,pollution_scan,20260905,0fa6d3adfead255147fe857bca6f6daa716fcec745387369bae2c804171c3c5a,646a23c7a15ca24a7acad5030359a82da9c82aa53fd0084d07a24908cbac5620,10000,20,4056,4056,0,5944,1864,5920,0.4056,0.0,1.0,0.68513514,0.21490049,5944,0,5924,20,0.0,0.0,0.0,0.0,0.0,0,0,0,3000,2038,0,3000,0.67933333,0.0,0.67933333,,,,
capacity_sweep,2976a9153db4de63,0.7,0.97,500,1.0,carma-benchmark-v2,dd164c9666d08043d2db,CARMA,stationary,20260901,7f3a93e37d7e7010fc8b96d1f08ad6db5165c5979c405059d78a870f6ffcd910,59ceb3fd935c461253100b3de538fc7840ffc22084f2a1821a8561780613e905,10000,20,3714,3714,0,6286,3434,7148,0.3714,0.0,1.0,0.5195859,0.22688142,95,6191,75,20,0.0,0.0,0.0,0.0,0.0,6,40,20,,,,,,,,,,,
capacity_sweep,2976a9153db4de63,0.7,0.97,500,1.0,carma-benchmark-v2,4a14c06818affe75ad64,LFU,stationary,20260901,7f3a93e37d7e7010fc8b96d1f08ad6db5165c5979c405059d78a870f6ffcd910,93d06368201c92b5b46dcf041cef85ab67a2f5aadb9e74abb378d99bb2d835ac,10000,20,3048,3048,0,6952,4100,7148,0.3048,0.0,1.0,0.42641298,0.17272482,6952,0,6932,20,0.0,0.0,0.0,0.0,0.0,0,0,0,,,,,,,,,,,
capacity_sweep,2976a9153db4de63,0.7,0.97,500,1.0,carma-benchmark-v2,d437fa9666aff578b659,LRU,stationary,20260901,7f3a93e37d7e7010fc8b96d1f08ad6db5165c5979c405059d78a870f6ffcd910,b7fa90975e85e5f27be7680f98d90ed01d78e826d841999fc59942a826bbc6f1,10000,20,1962,1962,0,8038,5186,7148,0.1962,0.0,1.0,0.27448237,0.10190314,8038,0,8018,20,0.0,0.0,0.0,0.0,0.0,0,0,0,,,,,,,,,,,
capacity_sweep,2976a9153db4de63,0.7,0.97,500,1.0,carma-benchmark-v2,793ba3e89072fd89d744,CARMA,stationary,20260902,46910714c951f6fbbc88236ddffad29f8d953c012a39ca17f76eb1f1739d97e0,34bce617bfdf20627e337912a2e7d8aea3638657e4ef327263626e897dda1b37,10000,20,3701,3701,0,6299,3438,7139,0.3701,0.0,1.0,0.51841995,0.2279824,101,6198,81,20,0.0,0.0,0.0,0.0,0.0,6,40,20,,,,,,,,,,,
capacity_sweep,2976a9153db4de63,0.7,0.97,500,1.0,carma-benchmark-v2,e71849402f2ba0223914,LFU,stationary,20260902,46910714c951f6fbbc88236ddffad29f8d953c012a39ca17f76eb1f1739d97e0,6b14bf4122e2c4ce1c79bd935661daa37df8956f85f88579ede9eebb407517ec,10000,20,3054,3054,0,6946,4085,7139,0.3054,0.0,1.0,0.42779101,0.16796189,6946,0,6926,20,0.0,0.0,0.0,0.0,0.0,0,0,0,,,,,,,,,,,
capacity_sweep,2976a9153db4de63,0.7,0.97,500,1.0,carma-benchmark-v2,55c6d826c6ac266044a9,LRU,stationary,20260902,46910714c951f6fbbc88236ddffad29f8d953c012a39ca17f76eb1f1739d97e0,edebb0b2fcc874c08473284cb98a220e0de37ee3782b054ecd25eab6d7db375f,10000,20,1983,1983,0,8017,5156,7139,0.1983,0.0,1.0,0.27777,0.10283936,8017,0,7997,20,0.0,0.0,0.0,0.0,0.0,0,0,0,,,,,,,,,,,
capacity_sweep,2976a9153db4de63,0.7,0.97,500,1.0,carma-benchmark-v2,06a5774ce04cbae4f18f,CARMA,stationary,20260903,a14ee464e7b0c1b1d7227890b71cf8678d10fd53c0ef3b3ff469830070a8adc1,2a6f9db30a9063d3f49a358241eb4f37200ad7a1674046b88eaf6261ebf8a2c9,10000,20,3768,3768,0,6232,3381,7149,0.3768,0.0,1.0,0.52706672,0.23668535,115,6117,95,20,0.0,0.0,0.0,0.0,0.0,6,40,20,,,,,,,,,,,
capacity_sweep,2976a9153db4de63,0.7,0.97,500,1.0,carma-benchmark-v2,049f23f51703ecd91eff,LFU,stationary,20260903,a14ee464e7b0c1b1d7227890b71cf8678d10fd53c0ef3b3ff469830070a8adc1,e35fa4892105ac05b4b482fe43b7b255c9c5b29e55575222b69a806ca20fce40,10000,20,3136,3136,0,6864,4013,7149,0.3136,0.0,1.0,0.43866275,0.16720481,6864,0,6844,20,0.0,0.0,0.0,0.0,0.0,0,0,0,,,,,,,,,,,
capacity_sweep,2976a9153db4de63,0.7,0.97,500,1.0,carma-benchmark-v2,68578ab4b965c66b872d,LRU,stationary,20260903,a14ee464e7b0c1b1d7227890b71cf8678d10fd53c0ef3b3ff469830070a8adc1,1f1228aa1b633147754e6ede8ae90e61cf599bc46d4aeaee56a9bd330809977e,10000,20,1956,1956,0,8044,5193,7149,0.1956,0.0,1.0,0.2736047,0.10097581,8044,0,8024,20,0.0,0.0,0.0,0.0,0.0,0,0,0,,,,,,,,,,,
capacity_sweep,2976a9153db4de63,0.7,0.97,500,1.0,carma-benchmark-v2,905d038cabe38b578644,CARMA,stationary,20260904,d617955aa4b50b89a3c31a0348f375a374ecfbbb0f4c12e3a7382ccab84658a8,989338164eed3f93c8720f826a31cac5788001bd67d618ca7b426dff24e89554,10000,20,3690,3690,0,6310,3440,7130,0.369,0.0,1.0,0.51753156,0.25241364,96,6214,76,20,0.0,0.0,0.0,0.0,0.0,6,40,20,,,,,,,,,,,
capacity_sweep,2976a9153db4de63,0.7,0.97,500,1.0,carma-benchmark-v2,9a1b27e234bf65804931,LFU,stationary,20260904,d617955aa4b50b89a3c31a0348f375a374ecfbbb0f4c12e3a7382ccab84658a8,b49001bb5e33feb1ac544f3446d108e3516375db3f77c4686e133fed41705a7e,10000,20,3099,3099,0,6901,4031,7130,0.3099,0.0,1.0,0.43464236,0.18482353,6901,0,6881,20,0.0,0.0,0.0,0.0,0.0,0,0,0,,,,,,,,,,,
capacity_sweep,2976a9153db4de63,0.7,0.97,500,1.0,carma-benchmark-v2,0aa2f1a401faf589a855,LRU,stationary,20260904,d617955aa4b50b89a3c31a0348f375a374ecfbbb0f4c12e3a7382ccab84658a8,701aa378e0ba6fd8db5e80354de41882dc2683e7ed9407aeb251558fd38c5448,10000,20,1942,1942,0,8058,5188,7130,0.1942,0.0,1.0,0.27237027,0.11693824,8058,0,8038,20,0.0,0.0,0.0,0.0,0.0,0,0,0,,,,,,,,,,,
capacity_sweep,2976a9153db4de63,0.7,0.97,500,1.0,carma-benchmark-v2,b1908787113ce86bfc62,CARMA,stationary,20260905,71801167b7fcf28bf68a83541c75a93c367b79240227c9997b39382b7c891f74,33030743b2ce58631b8fe7a3e2f09cea949094ffece07062347be565ca8c151a,10000,20,3744,3744,0,6256,3422,7166,0.3744,0.0,1.0,0.52246721,0.26422218,102,6154,82,20,0.0,0.0,0.0,0.0,0.0,6,40,20,,,,,,,,,,,
capacity_sweep,2976a9153db4de63,0.7,0.97,500,1.0,carma-benchmark-v2,cad6c718680edba95847,LFU,stationary,20260905,71801167b7fcf28bf68a83541c75a93c367b79240227c9997b39382b7c891f74,aeb1303f5c3b08889ac249e5ef25c90f04d948c25a6435fa8cee6b8787c8d9ac,10000,20,2613,2613,0,7387,4553,7166,0.2613,0.0,1.0,0.36463857,0.16702815,7387,0,7367,20,0.0,0.0,0.0,0.0,0.0,0,0,0,,,,,,,,,,,
capacity_sweep,2976a9153db4de63,0.7,0.97,500,1.0,carma-benchmark-v2,168883a52cc4d67c0e98,LRU,stationary,20260905,71801167b7fcf28bf68a83541c75a93c367b79240227c9997b39382b7c891f74,8c344a52ea2ac564a53fd70058ac6985ecede0cbd36f395a8f1956d569d185c1,10000,20,1939,1939,0,8061,5227,7166,0.1939,0.0,1.0,0.27058331,0.11792224,8061,0,8041,20,0.0,0.0,0.0,0.0,0.0,0,0,0,,,,,,,,,,,
capacity_sweep,2976a9153db4de63,0.7,0.97,500,1.0,carma-benchmark-v2,2ec04ee8e6da02292195,CARMA,phase_shift,20260901,12f4d47c01772a0fbea40561b7785dc022dac42fad6f871b9f0faec3d52d9819,a0513c777864c634679cde456810ae07054a0f4ce3842a858bbeaec23104e808,10000,50,6026,6026,0,3974,2239,8265,0.6026,0.0,1.0,0.72909861,0.54379172,327,3647,277,50,0.0,0.0,0.0,0.0,0.0,6,100,50,,,,,,,,2000.0,2000,4,"[{""lag_requests"":2000,""oracle_tail_opportunity_rate"":0.842,""phase"":""shift-1"",""recovered"":false,""requests"":2000,""tail_requests"":500,""target_valid_hit_rate"":0.7578,""window_requests"":200},{""lag_requests"":2000,""oracle_tail_opportunity_rate"":0.874,""phase"":""shift-2"",""recovered"":false,""requests"":2000,""tail_requests"":500,""target_valid_hit_rate"":0.7866,""window_requests"":200},{""lag_requests"":2000,""oracle_tail_opportunity_rate"":0.9,""phase"":""shift-3"",""recovered"":false,""requests"":2000,""tail_requests"":500,""target_valid_hit_rate"":0.81,""window_requests"":200},{""lag_requests"":2000,""oracle_tail_opportunity_rate"":0.906,""phase"":""shift-4"",""recovered"":false,""requests"":2000,""tail_requests"":500,""target_valid_hit_rate"":0.8154,""window_requests"":200}]"
capacity_sweep,2976a9153db4de63,0.7,0.97,500,1.0,carma-benchmark-v2,e5abbfb38ecad4459222,LFU,phase_shift,20260901,12f4d47c01772a0fbea40561b7785dc022dac42fad6f871b9f0faec3d52d9819,68784e94718d17fe3098ed6ec6e5c9a0d3fd65a20d575bac37f71d2c4539a51a,10000,50,4056,4056,0,5944,4209,8265,0.4056,0.0,1.0,0.4907441,0.30155634,5944,0,5894,50,0.0,0.0,0.0,0.0,0.0,0,0,0,,,,,,,,2000.0,2000,4,"[{""lag_requests"":2000,""oracle_tail_opportunity_rate"":0.842,""phase"":""shift-1"",""recovered"":false,""requests"":2000,""tail_requests"":500,""target_valid_hit_rate"":0.7578,""window_requests"":200},{""lag_requests"":2000,""oracle_tail_opportunity_rate"":0.874,""phase"":""shift-2"",""recovered"":false,""requests"":2000,""tail_requests"":500,""target_valid_hit_rate"":0.7866,""window_requests"":200},{""lag_requests"":2000,""oracle_tail_opportunity_rate"":0.9,""phase"":""shift-3"",""recovered"":false,""requests"":2000,""tail_requests"":500,""target_valid_hit_rate"":0.81,""window_requests"":200},{""lag_requests"":2000,""oracle_tail_opportunity_rate"":0.906,""phase"":""shift-4"",""recovered"":false,""requests"":2000,""tail_requests"":500,""target_valid_hit_rate"":0.8154,""window_requests"":200}]"
capacity_sweep,2976a9153db4de63,0.7,0.97,500,1.0,carma-benchmark-v2,cb4f5b08c4d560b9dad9,LRU,phase_shift,20260901,12f4d47c01772a0fbea40561b7785dc022dac42fad6f871b9f0faec3d52d9819,ba3d20620f9788fc194579d9013e3c9f667ef41abc763e0c2d164c626319361a,10000,50,5271,5271,0,4729,2994,8265,0.5271,0.0,1.0,0.63774955,0.46436369,4729,0,4679,50,0.0,0.0,0.0,0.0,0.0,0,0,0,,,,,,,,2000.0,2000,4,"[{""lag_requests"":2000,""oracle_tail_opportunity_rate"":0.842,""phase"":""shift-1"",""recovered"":false,""requests"":2000,""tail_requests"":500,""target_valid_hit_rate"":0.7578,""window_requests"":200},{""lag_requests"":2000,""oracle_tail_opportunity_rate"":0.874,""phase"":""shift-2"",""recovered"":false,""requests"":2000,""tail_requests"":500,""target_valid_hit_rate"":0.7866,""window_requests"":200},{""lag_requests"":2000,""oracle_tail_opportunity_rate"":0.9,""phase"":""shift-3"",""recovered"":false,""requests"":2000,""tail_requests"":500,""target_valid_hit_rate"":0.81,""window_requests"":200},{""lag_requests"":2000,""oracle_tail_opportunity_rate"":0.906,""phase"":""shift-4"",""recovered"":false,""requests"":2000,""tail_requests"":500,""target_valid_hit_rate"":0.8154,""window_requests"":200}]"
capacity_sweep,2976a9153db4de63,0.7,0.97,500,1.0,carma-benchmark-v2,9ff53bef6e4fb8c8fc15,CARMA,phase_shift,20260902,63228e686ce439ddfffb26b1f101ee07e9ade8c733bf6d57487b0c3c71b98e54,633e4d122ffd160db022b7776213020026665bc4aebebafc518a9668da91a79f,10000,50,6046,6046,0,3954,2254,8300,0.6046,0.0,1.0,0.72843373,0.54755925,353,3601,303,50,0.0,0.0,0.0,0.0,0.0,6,100,50,,,,,,,,2000.0,2000,4,"[{""lag_requests"":2000,""oracle_tail_opportunity_rate"":0.876,""phase"":""shift-1"",""recovered"":false,""requests"":2000,""tail_requests"":500,""target_valid_hit_rate"":0.7884,""window_requests"":200},{""lag_requests"":2000,""oracle_tail_opportunity_rate"":0.894,""phase"":""shift-2"",""recovered"":false,""requests"":2000,""tail_requests"":500,""target_valid_hit_rate"":0.8046,""window_requests"":200},{""lag_requests"":2000,""oracle_tail_opportunity_rate"":0.882,""phase"":""shift-3"",""recovered"":false,""requests"":2000,""tail_requests"":500,""target_valid_hit_rate"":0.7938,""window_requests"":200},{""lag_requests"":2000,""oracle_tail_opportunity_rate"":0.918,""phase"":""shift-4"",""recovered"":false,""requests"":2000,""tail_requests"":500,""target_valid_hit_rate"":0.8262,""window_requests"":200}]"
capacity_sweep,2976a9153db4de63,0.7,0.97,500,1.0,carma-benchmark-v2,6537f97ba485195f59e4,LFU,phase_shift,20260902,63228e686ce439ddfffb26b1f101ee07e9ade8c733bf6d57487b0c3c71b98e54,24895b434ee3b1d5a548070635fcb4556d1eedb1e22373d92e54c9c3ba634f67,10000,50,3987,3987,0,6013,4313,8300,0.3987,0.0,1.0,0.48036145,0.29584722,6013,0,5963,50,0.0,0.0,0.0,0.0,0.0,0,0,0,,,,,,,,2000.0,2000,4,"[{""lag_requests"":2000,""oracle_tail_opportunity_rate"":0.876,""phase"":""shift-1"",""recovered"":false,""requests"":2000,""tail_requests"":500,""target_valid_hit_rate"":0.7884,""window_requests"":200},{""lag_requests"":2000,""oracle_tail_opportunity_rate"":0.894,""phase"":""shift-2"",""recovered"":false,""requests"":2000,""tail_requests"":500,""target_valid_hit_rate"":0.8046,""window_requests"":200},{""lag_requests"":2000,""oracle_tail_opportunity_rate"":0.882,""phase"":""shift-3"",""recovered"":false,""requests"":2000,""tail_requests"":500,""target_valid_hit_rate"":0.7938,""window_requests"":200},{""lag_requests"":2000,""oracle_tail_opportunity_rate"":0.918,""phase"":""shift-4"",""recovered"":false,""requests"":2000,""tail_requests"":500,""target_valid_hit_rate"":0.8262,""window_requests"":200}]"
capacity_sweep,2976a9153db4de63,0.7,0.97,500,1.0,carma-benchmark-v2,d0c0034704a30d647753,LRU,phase_shift,20260902,63228e686ce439ddfffb26b1f101ee07e9ade8c733bf6d57487b0c3c71b98e54,c459e41472c13d97ff6413f2dbba6fe4fd18792887b4682a958333dbb3e4182f,10000,50,5242,5242,0,4758,3058,8300,0.5242,0.0,1.0,0.63156627,0.46432143,4758,0,4708,50,0.0,0.0,0.0,0.0,0.0,0,0,0,,,,,,,,2000.0,2000,4,"[{""lag_requests"":2000,""oracle_tail_opportunity_rate"":0.876,""phase"":""shift-1"",""recovered"":false,""requests"":2000,""tail_requests"":500,""target_valid_hit_rate"":0.7884,""window_requests"":200},{""lag_requests"":2000,""oracle_tail_opportunity_rate"":0.894,""phase"":""shift-2"",""recovered"":false,""requests"":2000,""tail_requests"":500,""target_valid_hit_rate"":0.8046,""window_requests"":200},{""lag_requests"":2000,""oracle_tail_opportunity_rate"":0.882,""phase"":""shift-3"",""recovered"":false,""requests"":2000,""tail_requests"":500,""target_valid_hit_rate"":0.7938,""window_requests"":200},{""lag_requests"":2000,""oracle_tail_opportunity_rate"":0.918,""phase"":""shift-4"",""recovered"":false,""requests"":2000,""tail_requests"":500,""target_valid_hit_rate"":0.8262,""window_requests"":200}]"
capacity_sweep,2976a9153db4de63,0.7,0.97,500,1.0,carma-benchmark-v2,d5058b704a26ef9e13de,CARMA,phase_shift,20260903,0d49568f6f9573c105455f2750d2740c4b8c749d0f70bb5966a5a4b3a74c3ba0,7ef19470ed8517b4ffd52ff1992a956b5cf9a0077b3add7da6666948bcca5819,10000,50,6227,6227,0,3773,2078,8305,0.6227,0.0,1.0,0.74978928,0.56425756,292,3481,242,50,0.0,0.0,0.0,0.0,0.0,6,100,50,,,,,,,,2000.0,2000,4,"[{""lag_requests"":2000,""oracle_tail_opportunity_rate"":0.854,""phase"":""shift-1"",""recovered"":false,""requests"":2000,""tail_requests"":500,""target_valid_hit_rate"":0.7686,""window_requests"":200},{""lag_requests"":2000,""oracle_tail_opportunity_rate"":0.85,""phase"":""shift-2"",""recovered"":false,""requests"":2000,""tail_requests"":500,""target_valid_hit_rate"":0.765,""window_requests"":200},{""lag_requests"":2000,""oracle_tail_opportunity_rate"":0.902,""phase"":""shift-3"",""recovered"":false,""requests"":2000,""tail_requests"":500,""target_valid_hit_rate"":0.8118,""window_requests"":200},{""lag_requests"":2000,""oracle_tail_opportunity_rate"":0.872,""phase"":""shift-4"",""recovered"":false,""requests"":2000,""tail_requests"":500,""target_valid_hit_rate"":0.7848,""window_requests"":200}]"
capacity_sweep,2976a9153db4de63,0.7,0.97,500,1.0,carma-benchmark-v2,9b595b59165aa0794f83,LFU,phase_shift,20260903,0d49568f6f9573c105455f2750d2740c4b8c749d0f70bb5966a5a4b3a74c3ba0,bb7772cd8dc6bb22693c0d8ed7a0dfd8b4e13ce104709a0efa91b6da102c7cf1,10000,50,4482,4482,0,5518,3823,8305,0.4482,0.0,1.0,0.53967489,0.34883298,5518,0,5468,50,0.0,0.0,0.0,0.0,0.0,0,0,0,,,,,,,,2000.0,2000,4,"[{""lag_requests"":2000,""oracle_tail_opportunity_rate"":0.854,""phase"":""shift-1"",""recovered"":false,""requests"":2000,""tail_requests"":500,""target_valid_hit_rate"":0.7686,""window_requests"":200},{""lag_requests"":2000,""oracle_tail_opportunity_rate"":0.85,""phase"":""shift-2"",""recovered"":false,""requests"":2000,""tail_requests"":500,""target_valid_hit_rate"":0.765,""window_requests"":200},{""lag_requests"":2000,""oracle_tail_opportunity_rate"":0.902,""phase"":""shift-3"",""recovered"":false,""requests"":2000,""tail_requests"":500,""target_valid_hit_rate"":0.8118,""window_requests"":200},{""lag_requests"":2000,""oracle_tail_opportunity_rate"":0.872,""phase"":""shift-4"",""recovered"":false,""requests"":2000,""tail_requests"":500,""target_valid_hit_rate"":0.7848,""window_requests"":200}]"
capacity_sweep,2976a9153db4de63,0.7,0.97,500,1.0,carma-benchmark-v2,8833b71675dbeb3b046a,LRU,phase_shift,20260903,0d49568f6f9573c105455f2750d2740c4b8c749d0f70bb5966a5a4b3a74c3ba0,15b8c6029916ac102a2accc118efc2b9a32b022a3b501a7d874712524bc29801,10000,50,5453,5453,0,4547,2852,8305,0.5453,0.0,1.0,0.65659241,0.48299634,4547,0,4497,50,0.0,0.0,0.0,0.0,0.0,0,0,0,,,,,,,,2000.0,2000,4,"[{""lag_requests"":2000,""oracle_tail_opportunity_rate"":0.854,""phase"":""shift-1"",""recovered"":false,""requests"":2000,""tail_requests"":500,""target_valid_hit_rate"":0.7686,""window_requests"":200},{""lag_requests"":2000,""oracle_tail_opportunity_rate"":0.85,""phase"":""shift-2"",""recovered"":false,""requests"":2000,""tail_requests"":500,""target_valid_hit_rate"":0.765,""window_requests"":200},{""lag_requests"":2000,""oracle_tail_opportunity_rate"":0.902,""phase"":""shift-3"",""recovered"":false,""requests"":2000,""tail_requests"":500,""target_valid_hit_rate"":0.8118,""window_requests"":200},{""lag_requests"":2000,""oracle_tail_opportunity_rate"":0.872,""phase"":""shift-4"",""recovered"":false,""requests"":2000,""tail_requests"":500,""target_valid_hit_rate"":0.7848,""window_requests"":200}]"
capacity_sweep,2976a9153db4de63,0.7,0.97,500,1.0,carma-benchmark-v2,fe7d1e05e321e4b96119,CARMA,phase_shift,20260904,7bdfac164be1e5de8f9b7aff405178f34440dd325f2042cf3ef7bc2c2b350792,19a7c41039b358718fa79327bf88c44d39a12e97a0ca0892656ccb120faefa6d,10000,50,5984,5984,0,4016,2300,8284,0.5984,0.0,1.0,0.72235635,0.53538207,356,3660,306,50,0.0,0.0,0.0,0.0,0.0,6,100,50,,,,,,,,2000.0,2000,4,"[{""lag_requests"":2000,""oracle_tail_opportunity_rate"":0.846,""phase"":""shift-1"",""recovered"":false,""requests"":2000,""tail_requests"":500,""target_valid_hit_rate"":0.7614,""window_requests"":200},{""lag_requests"":2000,""oracle_tail_opportunity_rate"":0.886,""phase"":""shift-2"",""recovered"":false,""requests"":2000,""tail_requests"":500,""target_valid_hit_rate"":0.7974,""window_requests"":200},{""lag_requests"":2000,""oracle_tail_opportunity_rate"":0.904,""phase"":""shift-3"",""recovered"":false,""requests"":2000,""tail_requests"":500,""target_valid_hit_rate"":0.8136,""window_requests"":200},{""lag_requests"":2000,""oracle_tail_opportunity_rate"":0.884,""phase"":""shift-4"",""recovered"":false,""requests"":2000,""tail_requests"":500,""target_valid_hit_rate"":0.7956,""window_requests"":200}]"
capacity_sweep,2976a9153db4de63,0.7,0.97,500,1.0,carma-benchmark-v2,428a13ab58a110c57d4d,LFU,phase_shift,20260904,7bdfac164be1e5de8f9b7aff405178f34440dd325f2042cf3ef7bc2c2b350792,5ecf07ff8aeff0e94cc87262c4349ba068f2c2bdbd8c0e32764ab20435c888c2,10000,50,4144,4144,0,5856,4140,8284,0.4144,0.0,1.0,0.50024143,0.2992965,5856,0,5806,50,0.0,0.0,0.0,0.0,0.0,0,0,0,,,,,,,,2000.0,2000,4,"[{""lag_requests"":2000,""oracle_tail_opportunity_rate"":0.846,""phase"":""shift-1"",""recovered"":false,""requests"":2000,""tail_requests"":500,""target_valid_hit_rate"":0.7614,""window_requests"":200},{""lag_requests"":2000,""oracle_tail_opportunity_rate"":0.886,""phase"":""shift-2"",""recovered"":false,""requests"":2000,""tail_requests"":500,""target_valid_hit_rate"":0.7974,""window_requests"":200},{""lag_requests"":2000,""oracle_tail_opportunity_rate"":0.904,""phase"":""shift-3"",""recovered"":false,""requests"":2000,""tail_requests"":500,""target_valid_hit_rate"":0.8136,""window_requests"":200},{""lag_requests"":2000,""oracle_tail_opportunity_rate"":0.884,""phase"":""shift-4"",""recovered"":false,""requests"":2000,""tail_requests"":500,""target_valid_hit_rate"":0.7956,""window_requests"":200}]"
capacity_sweep,2976a9153db4de63,0.7,0.97,500,1.0,carma-benchmark-v2,bb70fd0bf2e344361a9a,LRU,phase_shift,20260904,7bdfac164be1e5de8f9b7aff405178f34440dd325f2042cf3ef7bc2c2b350792,76e058632a17487fd91ac81533d607293bccf3c85e47053b399b584be557ca41,10000,50,5305,5305,0,4695,2979,8284,0.5305,0.0,1.0,0.64039112,0.46917276,4695,0,4645,50,0.0,0.0,0.0,0.0,0.0,0,0,0,,,,,,,,2000.0,2000,4,"[{""lag_requests"":2000,""oracle_tail_opportunity_rate"":0.846,""phase"":""shift-1"",""recovered"":false,""requests"":2000,""tail_requests"":500,""target_valid_hit_rate"":0.7614,""window_requests"":200},{""lag_requests"":2000,""oracle_tail_opportunity_rate"":0.886,""phase"":""shift-2"",""recovered"":false,""requests"":2000,""tail_requests"":500,""target_valid_hit_rate"":0.7974,""window_requests"":200},{""lag_requests"":2000,""oracle_tail_opportunity_rate"":0.904,""phase"":""shift-3"",""recovered"":false,""requests"":2000,""tail_requests"":500,""target_valid_hit_rate"":0.8136,""window_requests"":200},{""lag_requests"":2000,""oracle_tail_opportunity_rate"":0.884,""phase"":""shift-4"",""recovered"":false,""requests"":2000,""tail_requests"":500,""target_valid_hit_rate"":0.7956,""window_requests"":200}]"
capacity_sweep,2976a9153db4de63,0.7,0.97,500,1.0,carma-benchmark-v2,06c13c5674820ef2c35f,CARMA,phase_shift,20260905,38939b8efe91a6e78fe85b80e78b662885812ccb1cb551e310db83bc3a9eba89,eaed2cff834b784c131c03d9e4ca60a5876a0fb69543c6ee720a771fd3577966,10000,50,6087,6087,0,3913,2180,8267,0.6087,0.0,1.0,0.73630096,0.54674383,324,3589,274,50,0.0,0.0,0.0,0.0,0.0,6,100,50,,,,,,,,2000.0,2000,4,"[{""lag_requests"":2000,""oracle_tail_opportunity_rate"":0.88,""phase"":""shift-1"",""recovered"":false,""requests"":2000,""tail_requests"":500,""target_valid_hit_rate"":0.792,""window_requests"":200},{""lag_requests"":2000,""oracle_tail_opportunity_rate"":0.854,""phase"":""shift-2"",""recovered"":false,""requests"":2000,""tail_requests"":500,""target_valid_hit_rate"":0.7686,""window_requests"":200},{""lag_requests"":2000,""oracle_tail_opportunity_rate"":0.868,""phase"":""shift-3"",""recovered"":false,""requests"":2000,""tail_requests"":500,""target_valid_hit_rate"":0.7812,""window_requests"":200},{""lag_requests"":2000,""oracle_tail_opportunity_rate"":0.894,""phase"":""shift-4"",""recovered"":false,""requests"":2000,""tail_requests"":500,""target_valid_hit_rate"":0.8046,""window_requests"":200}]"
capacity_sweep,2976a9153db4de63,0.7,0.97,500,1.0,carma-benchmark-v2,0c6e09c6526edb4f9479,LFU,phase_shift,20260905,38939b8efe91a6e78fe85b80e78b662885812ccb1cb551e310db83bc3a9eba89,63a201d9323d335ca9d6c0395b67c0f5ae405599126d8d7d79b254489456a506,10000,50,3684,3684,0,6316,4583,8267,0.3684,0.0,1.0,0.44562719,0.25532354,6316,0,6266,50,0.0,0.0,0.0,0.0,0.0,0,0,0,,,,,,,,2000.0,2000,4,"[{""lag_requests"":2000,""oracle_tail_opportunity_rate"":0.88,""phase"":""shift-1"",""recovered"":false,""requests"":2000,""tail_requests"":500,""target_valid_hit_rate"":0.792,""window_requests"":200},{""lag_requests"":2000,""oracle_tail_opportunity_rate"":0.854,""phase"":""shift-2"",""recovered"":false,""requests"":2000,""tail_requests"":500,""target_valid_hit_rate"":0.7686,""window_requests"":200},{""lag_requests"":2000,""oracle_tail_opportunity_rate"":0.868,""phase"":""shift-3"",""recovered"":false,""requests"":2000,""tail_requests"":500,""target_valid_hit_rate"":0.7812,""window_requests"":200},{""lag_requests"":2000,""oracle_tail_opportunity_rate"":0.894,""phase"":""shift-4"",""recovered"":false,""requests"":2000,""tail_requests"":500,""target_valid_hit_rate"":0.8046,""window_requests"":200}]"
capacity_sweep,2976a9153db4de63,0.7,0.97,500,1.0,carma-benchmark-v2,7a1666873fb5c934ad47,LRU,phase_shift,20260905,38939b8efe91a6e78fe85b80e78b662885812ccb1cb551e310db83bc3a9eba89,ad5cb6049bcfce7656474f5addae973b5d5e695dc9f5c15019d31d5c205de07b,10000,50,5325,5325,0,4675,2942,8267,0.5325,0.0,1.0,0.64412725,0.46959823,4675,0,4625,50,0.0,0.0,0.0,0.0,0.0,0,0,0,,,,,,,,2000.0,2000,4,"[{""lag_requests"":2000,""oracle_tail_opportunity_rate"":0.88,""phase"":""shift-1"",""recovered"":false,""requests"":2000,""tail_requests"":500,""target_valid_hit_rate"":0.792,""window_requests"":200},{""lag_requests"":2000,""oracle_tail_opportunity_rate"":0.854,""phase"":""shift-2"",""recovered"":false,""requests"":2000,""tail_requests"":500,""target_valid_hit_rate"":0.7686,""window_requests"":200},{""lag_requests"":2000,""oracle_tail_opportunity_rate"":0.868,""phase"":""shift-3"",""recovered"":false,""requests"":2000,""tail_requests"":500,""target_valid_hit_rate"":0.7812,""window_requests"":200},{""lag_requests"":2000,""oracle_tail_opportunity_rate"":0.894,""phase"":""shift-4"",""recovered"":false,""requests"":2000,""tail_requests"":500,""target_valid_hit_rate"":0.8046,""window_requests"":200}]"
capacity_sweep,2976a9153db4de63,0.7,0.97,500,1.0,carma-benchmark-v2,803281096625b4ca3d2a,CARMA,pollution_scan,20260901,b907ae74d62efb16d0edd971cf59414957ae5165365dac6ea44abdc55b24fe24,50c7483160363ade939e821934a24dd068e9259b011b3418610882bf57baf159,10000,50,5435,5435,0,4565,485,5920,0.5435,0.0,1.0,0.91807432,0.39688842,287,4278,237,50,0.0,0.0,0.0,0.0,0.0,6,100,50,3000,2737,0,3000,0.91233333,0.0,0.91233333,,,,
capacity_sweep,2976a9153db4de63,0.7,0.97,500,1.0,carma-benchmark-v2,ec3d13957ee096002bd9,LFU,pollution_scan,20260901,b907ae74d62efb16d0edd971cf59414957ae5165365dac6ea44abdc55b24fe24,0caab2fdf9e735694d7df0492eda173965ef8fd180bdee94fc51ecc84a239e83,10000,50,5404,5404,0,4596,516,5920,0.5404,0.0,1.0,0.91283784,0.3986968,4596,0,4546,50,0.0,0.0,0.0,0.0,0.0,0,0,0,3000,2731,0,3000,0.91033333,0.0,0.91033333,,,,
capacity_sweep,2976a9153db4de63,0.7,0.97,500,1.0,carma-benchmark-v2,12b8c7cc5f249d76e4e5,LRU,pollution_scan,20260901,b907ae74d62efb16d0edd971cf59414957ae5165365dac6ea44abdc55b24fe24,b2960c18214acd27105aebeb0d3a8f407809cedf1540073fd952fa2615d2351c,10000,50,5302,5302,0,4698,618,5920,0.5302,0.0,1.0,0.89560811,0.37879202,4698,0,4648,50,0.0,0.0,0.0,0.0,0.0,0,0,0,3000,2654,0,3000,0.88466667,0.0,0.88466667,,,,
capacity_sweep,2976a9153db4de63,0.7,0.97,500,1.0,carma-benchmark-v2,3ef4623c7f99171cd05f,CARMA,pollution_scan,20260902,bd37c54a996e64686adb5387c1707213768c3ca65f5478e6f87dfdf1ace1249c,91e74bae1c338ad99535efb97890c4b765bbd783d637003d532c699c17312e34,10000,50,5454,5454,0,4546,466,5920,0.5454,0.0,1.0,0.92128378,0.3991556,284,4262,234,50,0.0,0.0,0.0,0.0,0.0,6,100,50,3000,2721,0,3000,0.907,0.0,0.907,,,,
capacity_sweep,2976a9153db4de63,0.7,0.97,500,1.0,carma-benchmark-v2,63ba295229b6af45ce8f,LFU,pollution_scan,20260902,bd37c54a996e64686adb5387c1707213768c3ca65f5478e6f87dfdf1ace1249c,3eea11208f5d722af6f044e8f587493979a42293730d58a278248fde4025c35e,10000,50,5358,5358,0,4642,562,5920,0.5358,0.0,1.0,0.90506757,0.38256061,4642,0,4592,50,0.0,0.0,0.0,0.0,0.0,0,0,0,3000,2703,0,3000,0.901,0.0,0.901,,,,
capacity_sweep,2976a9153db4de63,0.7,0.97,500,1.0,carma-benchmark-v2,cec22ecbeeeb8e4af928,LRU,pollution_scan,20260902,bd37c54a996e64686adb5387c1707213768c3ca65f5478e6f87dfdf1ace1249c,20c850a912c8c8f6d95f695a07e4a4fbf86f497a04e0136af01e6c74aa8be366,10000,50,5300,5300,0,4700,620,5920,0.53,0.0,1.0,0.89527027,0.37742111,4700,0,4650,50,0.0,0.0,0.0,0.0,0.0,0,0,0,3000,2619,0,3000,0.873,0.0,0.873,,,,
capacity_sweep,2976a9153db4de63,0.7,0.97,500,1.0,carma-benchmark-v2,5530b7e7dad5bd95dabc,CARMA,pollution_scan,20260903,2e783243ddaad7d4dd7594420d07dacd9193c15ab2dc0f8c3702dec8b4ed89a4,477b8b7a9738a4c0eb0fb032a95690f6cb7883ecc4eddb0ca33be25b7239e7b9,10000,50,5475,5475,0,4525,445,5920,0.5475,0.0,1.0,0.92483108,0.39516109,271,4254,221,50,0.0,0.0,0.0,0.0,0.0,6,100,50,3000,2740,0,3000,0.91333333,0.0,0.91333333,,,,
capacity_sweep,2976a9153db4de63,0.7,0.97,500,1.0,carma-benchmark-v2,f4281151dbe593ecf53b,LFU,pollution_scan,20260903,2e783243ddaad7d4dd7594420d07dacd9193c15ab2dc0f8c3702dec8b4ed89a4,fb93202d63fd04f90067a78ae14081341d83577aa4aa9afa3e2f323044ed2cd8,10000,50,5432,5432,0,4568,488,5920,0.5432,0.0,1.0,0.91756757,0.38820013,4568,0,4518,50,0.0,0.0,0.0,0.0,0.0,0,0,0,3000,2717,0,3000,0.90566667,0.0,0.90566667,,,,
capacity_sweep,2976a9153db4de63,0.7,0.97,500,1.0,carma-benchmark-v2,3a30d112a8c8f4776d9f,LRU,pollution_scan,20260903,2e783243ddaad7d4dd7594420d07dacd9193c15ab2dc0f8c3702dec8b4ed89a4,5629a28d47862ebb13e4719a4acb748ded96ff2ca071c1d981d49aa480136353,10000,50,5345,5345,0,4655,575,5920,0.5345,0.0,1.0,0.90287162,0.37918954,4655,0,4605,50,0.0,0.0,0.0,0.0,0.0,0,0,0,3000,2658,0,3000,0.886,0.0,0.886,,,,
capacity_sweep,2976a9153db4de63,0.7,0.97,500,1.0,carma-benchmark-v2,7feb9bbbd016a625b1ea,CARMA,pollution_scan,20260904,c4a0a02deaaaecb2783800f6d5a443d457825fd56ccce4fc262d4af90b41d7c8,082a78b66a994b12858f1e877a30f269eb268c2164cfdbd75c01802211bee2f3,10000,50,5449,5449,0,4551,471,5920,0.5449,0.0,1.0,0.92043919,0.39475943,268,4283,218,50,0.0,0.0,0.0,0.0,0.0,6,100,50,3000,2733,0,3000,0.911,0.0,0.911,,,,
capacity_sweep,2976a9153db4de63,0.7,0.97,500,1.0,carma-benchmark-v2,f4fc3ad9857c49510849,LFU,pollution_scan,20260904,c4a0a02deaaaecb2783800f6d5a443d457825fd56ccce4fc262d4af90b41d7c8,38e493ceaf7ac592f3d8ed1e4861e536e4e6181858f0a41706648be7760c49d6,10000,50,5406,5406,0,4594,514,5920,0.5406,0.0,1.0,0.91317568,0.38611899,4594,0,4544,50,0.0,0.0,0.0,0.0,0.0,0,0,0,3000,2710,0,3000,0.90333333,0.0,0.90333333,,,,
capacity_sweep,2976a9153db4de63,0.7,0.97,500,1.0,carma-benchmark-v2,18839c3ff15aec379549,LRU,pollution_scan,20260904,c4a0a02deaaaecb2783800f6d5a443d457825fd56ccce4fc262d4af90b41d7c8,4e78226664171e89cf7b5d1530d0da862c6e2e00b04661daf5723ed47ccf12fe,10000,50,5317,5317,0,4683,603,5920,0.5317,0.0,1.0,0.89814189,0.37611269,4683,0,4633,50,0.0,0.0,0.0,0.0,0.0,0,0,0,3000,2661,0,3000,0.887,0.0,0.887,,,,
capacity_sweep,2976a9153db4de63,0.7,0.97,500,1.0,carma-benchmark-v2,0b9fba7e6b31e1ed6ea5,CARMA,pollution_scan,20260905,0fa6d3adfead255147fe857bca6f6daa716fcec745387369bae2c804171c3c5a,3467e9c6b6ccead88efd100c3ec9a75100306c962da790c97c1632d131494518,10000,50,5464,5464,0,4536,456,5920,0.5464,0.0,1.0,0.92297297,0.40114932,289,4247,239,50,0.0,0.0,0.0,0.0,0.0,6,100,50,3000,2760,0,3000,0.92,0.0,0.92,,,,
capacity_sweep,2976a9153db4de63,0.7,0.97,500,1.0,carma-benchmark-v2,e047972ffbae206f32dc,LFU,pollution_scan,20260905,0fa6d3adfead255147fe857bca6f6daa716fcec745387369bae2c804171c3c5a,06b8a073c7d182f73d2c5634d604ecb551a798fc2196bdcdadae9b7ab908a420,10000,50,5390,5390,0,4610,530,5920,0.539,0.0,1.0,0.91047297,0.39105087,4610,0,4560,50,0.0,0.0,0.0,0.0,0.0,0,0,0,3000,2724,0,3000,0.908,0.0,0.908,,,,
capacity_sweep,2976a9153db4de63,0.7,0.97,500,1.0,carma-benchmark-v2,a19b3d2f4dfe06506672,LRU,pollution_scan,20260905,0fa6d3adfead255147fe857bca6f6daa716fcec745387369bae2c804171c3c5a,c1c4f8803b37922975cce8d047d3e29ae01fa6e349aafbc9f60182e4e8d4c41c,10000,50,5352,5352,0,4648,568,5920,0.5352,0.0,1.0,0.90405405,0.38625445,4648,0,4598,50,0.0,0.0,0.0,0.0,0.0,0,0,0,3000,2661,0,3000,0.887,0.0,0.887,,,,
capacity_sweep,2976a9153db4de63,0.7,0.97,500,1.0,carma-benchmark-v2,5e95d9179b7c395200b4,CARMA,stationary,20260901,7f3a93e37d7e7010fc8b96d1f08ad6db5165c5979c405059d78a870f6ffcd910,3856fc9192ed9076dfe56e92cc333c15ce2b8545328ba9b01339031fcf7ccd26,10000,50,4743,4743,0,5257,2405,7148,0.4743,0.0,1.0,0.66354225,0.35551392,269,4988,219,50,0.0,0.0,0.0,0.0,0.0,6,100,50,,,,,,,,,,,
capacity_sweep,2976a9153db4de63,0.7,0.97,500,1.0,carma-benchmark-v2,cb11f3168c89849b5570,LFU,stationary,20260901,7f3a93e37d7e7010fc8b96d1f08ad6db5165c5979c405059d78a870f6ffcd910,b3f9c6b4ecedde0b2c8aaddac8a8afad2bbf7e477668530bb7dd90abd0d57d38,10000,50,4174,4174,0,5826,2974,7148,0.4174,0.0,1.0,0.58393956,0.28325997,5826,0,5776,50,0.0,0.0,0.0,0.0,0.0,0,0,0,,,,,,,,,,,
capacity_sweep,2976a9153db4de63,0.7,0.97,500,1.0,carma-benchmark-v2,9c413350761cc14bb899,LRU,stationary,20260901,7f3a93e37d7e7010fc8b96d1f08ad6db5165c5979c405059d78a870f6ffcd910,f532438a9e0f1d7336942f5b3d6eea585fff797be1eae5fd0060589270ac5a4c,10000,50,3280,3280,0,6720,3868,7148,0.328,0.0,1.0,0.45886961,0.20300592,6720,0,6670,50,0.0,0.0,0.0,0.0,0.0,0,0,0,,,,,,,,,,,
capacity_sweep,2976a9153db4de63,0.7,0.97,500,1.0,carma-benchmark-v2,11a7734aa9d1be3ca22a,CARMA,stationary,20260902,46910714c951f6fbbc88236ddffad29f8d953c012a39ca17f76eb1f1739d97e0,b931d0b2ad320da0b128d50c227e7df3f5223ddec65888212a1af4523548ee6b,10000,50,4680,4680,0,5320,2459,7139,0.468,0.0,1.0,0.655554,0.34420343,296,5024,246,50,0.0,0.0,0.0,0.0,0.0,6,100,50,,,,,,,,,,,
capacity_sweep,2976a9153db4de63,0.7,0.97,500,1.0,carma-benchmark-v2,dee0e64a38bc4502aee9,LFU,stationary,20260902,46910714c951f6fbbc88236ddffad29f8d953c012a39ca17f76eb1f1739d97e0,40a0643f6c5e53b6e0d8ae2bf45e32c34c5c19a5c0faa9d634535f9b88c31a2e,10000,50,4132,4132,0,5868,3007,7139,0.4132,0.0,1.0,0.57879255,0.2788047,5868,0,5818,50,0.0,0.0,0.0,0.0,0.0,0,0,0,,,,,,,,,,,
capacity_sweep,2976a9153db4de63,0.7,0.97,500,1.0,carma-benchmark-v2,e620d56830fbc83b8b4c,LRU,stationary,20260902,46910714c951f6fbbc88236ddffad29f8d953c012a39ca17f76eb1f1739d97e0,9647661bfbe5b06effa2ff5f0a90d30b2b99de5ac7119fe21912281d3524dad1,10000,50,3258,3258,0,6742,3881,7139,0.3258,0.0,1.0,0.45636644,0.19842198,6742,0,6692,50,0.0,0.0,0.0,0.0,0.0,0,0,0,,,,,,,,,,,
capacity_sweep,2976a9153db4de63,0.7,0.97,500,1.0,carma-benchmark-v2,2efcd706ed27b825c90a,CARMA,stationary,20260903,a14ee464e7b0c1b1d7227890b71cf8678d10fd53c0ef3b3ff469830070a8adc1,b46444ca16c2911bd6f9d348ee7382e9c3a781e62f005b78a961a516d9eec9d0,10000,50,4847,4847,0,5153,2302,7149,0.4847,0.0,1.0,0.67799692,0.38077419,265,4888,215,50,0.0,0.0,0.0,0.0,0.0,6,100,50,,,,,,,,,,,
capacity_sweep,2976a9153db4de63,0.7,0.97,500,1.0,carma-benchmark-v2,599d66a82259dc164e70,LFU,stationary,20260903,a14ee464e7b0c1b1d7227890b71cf8678d10fd53c0ef3b3ff469830070a8adc1,22fe3d32f67ac52ce0a0d55b793eb90b0dba3a944547160b34ca008bf61ee294,10000,50,4049,4049,0,5951,3100,7149,0.4049,0.0,1.0,0.56637292,0.28404738,5951,0,5901,50,0.0,0.0,0.0,0.0,0.0,0,0,0,,,,,,,,,,,
capacity_sweep,2976a9153db4de63,0.7,0.97,500,1.0,carma-benchmark-v2,d2fd53c57a8528073007,LRU,stationary,20260903,a14ee464e7b0c1b1d7227890b71cf8678d10fd53c0ef3b3ff469830070a8adc1,1ac94d77d352f3f8a85f505ac7b1e2c289933104dfbafabefb48710b29c6e188,10000,50,3311,3311,0,6689,3838,7149,0.3311,0.0,1.0,0.4631417,0.20761608,6689,0,6639,50,0.0,0.0,0.0,0.0,0.0,0,0,0,,,,,,,,,,,
capacity_sweep,2976a9153db4de63,0.7,0.97,500,1.0,carma-benchmark-v2,fff51150355c56ced1b7,CARMA,stationary,20260904,d617955aa4b50b89a3c31a0348f375a374ecfbbb0f4c12e3a7382ccab84658a8,c3e3b83a740e0f30a497a6f6bc131025c1c1e7b97e87ecd4b362e82e9ba087c9,10000,50,4797,4797,0,5203,2333,7130,0.4797,0.0,1.0,0.67279102,0.40195545,273,4930,223,50,0.0,0.0,0.0,0.0,0.0,6,100,50,,,,,,,,,,,
capacity_sweep,2976a9153db4de63,0.7,0.97,500,1.0,carma-benchmark-v2,ffc636f8344200a237d3,LFU,stationary,20260904,d617955aa4b50b89a3c31a0348f375a374ecfbbb0f4c12e3a7382ccab84658a8,035ccf13670f35458288f6a8aa05179b6664ac8d5940233bfbef52f13f0b1b02,10000,50,4141,4141,0,5859,2989,7130,0.4141,0.0,1.0,0.58078541,0.30873486,5859,0,5809,50,0.0,0.0,0.0,0.0,0.0,0,0,0,,,,,,,,,,,
capacity_sweep,2976a9153db4de63,0.7,0.97,500,1.0,carma-benchmark-v2,588a7e128876a9183fa5,LRU,stationary,20260904,d617955aa4b50b89a3c31a0348f375a374ecfbbb0f4c12e3a7382ccab84658a8,4f15a80361cc85a2e078be48a7152492d56081bca20818e192a64fb9a2886200,10000,50,3276,3276,0,6724,3854,7130,0.3276,0.0,1.0,0.45946704,0.22921752,6724,0,6674,50,0.0,0.0,0.0,0.0,0.0,0,0,0,,,,,,,,,,,
capacity_sweep,2976a9153db4de63,0.7,0.97,500,1.0,carma-benchmark-v2,947c551e68b5b30707a3,CARMA,stationary,20260905,71801167b7fcf28bf68a83541c75a93c367b79240227c9997b39382b7c891f74,d82b5c55a2aa24828cb98cbd718b98f3801189983a6d11149e452facb34553b7,10000,50,4814,4814,0,5186,2352,7166,0.4814,0.0,1.0,0.67178342,0.40336537,249,4937,199,50,0.0,0.0,0.0,0.0,0.0,6,100,50,,,,,,,,,,,
capacity_sweep,2976a9153db4de63,0.7,0.97,500,1.0,carma-benchmark-v2,c2006f4599f4ceb59a27,LFU,stationary,20260905,71801167b7fcf28bf68a83541c75a93c367b79240227c9997b39382b7c891f74,bb018284da6f64d3f8a0a006950f26b3444ec2f0cf043f4cd9bc05a471b78c3c,10000,50,4290,4290,0,5710,2876,7166,0.429,0.0,1.0,0.59866034,0.34253143,5710,0,5660,50,0.0,0.0,0.0,0.0,0.0,0,0,0,,,,,,,,,,,
capacity_sweep,2976a9153db4de63,0.7,0.97,500,1.0,carma-benchmark-v2,fbce6419d62b2be5e6ce,LRU,stationary,20260905,71801167b7fcf28bf68a83541c75a93c367b79240227c9997b39382b7c891f74,1f19223712087a0b97b542295397e64dbee16d210358632109e043eaf0be6f75,10000,50,3278,3278,0,6722,3888,7166,0.3278,0.0,1.0,0.4574379,0.23065125,6722,0,6672,50,0.0,0.0,0.0,0.0,0.0,0,0,0,,,,,,,,,,,
capacity_sweep,2976a9153db4de63,0.7,0.97,500,1.0,carma-benchmark-v2,a120400a437f6e19e1e5,CARMA,phase_shift,20260901,12f4d47c01772a0fbea40561b7785dc022dac42fad6f871b9f0faec3d52d9819,1af5f6a052bff3f4b9e6672356d064bc69bac28e511c9854420577665539e0bc,10000,200,7233,7233,0,2767,1032,8265,0.7233,0.0,1.0,0.87513612,0.68291737,615,2152,415,200,0.0,0.0,0.0,0.0,0.0,6,400,200,,,,,,,,1497.25,2000,2,"[{""lag_requests"":370,""oracle_tail_opportunity_rate"":0.842,""phase"":""shift-1"",""recovered"":true,""requests"":2000,""tail_requests"":500,""target_valid_hit_rate"":0.7578,""window_requests"":200},{""lag_requests"":2000,""oracle_tail_opportunity_rate"":0.874,""phase"":""shift-2"",""recovered"":false,""requests"":2000,""tail_requests"":500,""target_valid_hit_rate"":0.7866,""window_requests"":200},{""lag_requests"":2000,""oracle_tail_opportunity_rate"":0.9,""phase"":""shift-3"",""recovered"":false,""requests"":2000,""tail_requests"":500,""target_valid_hit_rate"":0.81,""window_requests"":200},{""lag_requests"":1619,""oracle_tail_opportunity_rate"":0.906,""phase"":""shift-4"",""recovered"":true,""requests"":2000,""tail_requests"":500,""target_valid_hit_rate"":0.8154,""window_requests"":200}]"
capacity_sweep,2976a9153db4de63,0.7,0.97,500,1.0,carma-benchmark-v2,d8b8f10dc234d460a37c,LFU,phase_shift,20260901,12f4d47c01772a0fbea40561b7785dc022dac42fad6f871b9f0faec3d52d9819,57ffa1eff83ec9a9b805837dc6f30eaae4fb8ebf3e9fe7815d08eed82437a180,10000,200,6034,6034,0,3966,2231,8265,0.6034,0.0,1.0,0.73006655,0.5365464,3966,0,3766,200,0.0,0.0,0.0,0.0,0.0,0,0,0,,,,,,,,2000.0,2000,4,"[{""lag_requests"":2000,""oracle_tail_opportunity_rate"":0.842,""phase"":""shift-1"",""recovered"":false,""requests"":2000,""tail_requests"":500,""target_valid_hit_rate"":0.7578,""window_requests"":200},{""lag_requests"":2000,""oracle_tail_opportunity_rate"":0.874,""phase"":""shift-2"",""recovered"":false,""requests"":2000,""tail_requests"":500,""target_valid_hit_rate"":0.7866,""window_requests"":200},{""lag_requests"":2000,""oracle_tail_opportunity_rate"":0.9,""phase"":""shift-3"",""recovered"":false,""requests"":2000,""tail_requests"":500,""target_valid_hit_rate"":0.81,""window_requests"":200},{""lag_requests"":2000,""oracle_tail_opportunity_rate"":0.906,""phase"":""shift-4"",""recovered"":false,""requests"":2000,""tail_requests"":500,""target_valid_hit_rate"":0.8154,""window_requests"":200}]"
capacity_sweep,2976a9153db4de63,0.7,0.97,500,1.0,carma-benchmark-v2,7903d743ae589152b606,LRU,phase_shift,20260901,12f4d47c01772a0fbea40561b7785dc022dac42fad6f871b9f0faec3d52d9819,6b062e97fe58ec3e8a0f1b9712c271e672c52e4a9d843ce11a74345803d655f4,10000,200,7156,7156,0,2844,1109,8265,0.7156,0.0,1.0,0.86581972,0.67399682,2844,0,2644,200,0.0,0.0,0.0,0.0,0.0,0,0,0,,,,,,,,1145.5,2000,2,"[{""lag_requests"":274,""oracle_tail_opportunity_rate"":0.842,""phase"":""shift-1"",""recovered"":true,""requests"":2000,""tail_requests"":500,""target_valid_hit_rate"":0.7578,""window_requests"":200},{""lag_requests"":2000,""oracle_tail_opportunity_rate"":0.874,""phase"":""shift-2"",""recovered"":false,""requests"":2000,""tail_requests"":500,""target_valid_hit_rate"":0.7866,""window_requests"":200},{""lag_requests"":308,""oracle_tail_opportunity_rate"":0.9,""phase"":""shift-3"",""recovered"":true,""requests"":2000,""tail_requests"":500,""target_valid_hit_rate"":0.81,""window_requests"":200},{""lag_requests"":2000,""oracle_tail_opportunity_rate"":0.906,""phase"":""shift-4"",""recovered"":false,""requests"":2000,""tail_requests"":500,""target_valid_hit_rate"":0.8154,""window_requests"":200}]"
capacity_sweep,2976a9153db4de63,0.7,0.97,500,1.0,carma-benchmark-v2,3e25a7b8857780f197a0,CARMA,phase_shift,20260902,63228e686ce439ddfffb26b1f101ee07e9ade8c733bf6d57487b0c3c71b98e54,199faa1d54462b0ade1843644a4592e38206dd3d3ef4dbd4455960ac393edf64,10000,200,7300,7300,0,2700,1000,8300,0.73,0.0,1.0,0.87951807,0.69587796,622,2078,422,200,0.0,0.0,0.0,0.0,0.0,6,400,200,,,,,,,,1114.75,2000,1,"[{""lag_requests"":797,""oracle_tail_opportunity_rate"":0.876,""phase"":""shift-1"",""recovered"":true,""requests"":2000,""tail_requests"":500,""target_valid_hit_rate"":0.7884,""window_requests"":200},{""lag_requests"":582,""oracle_tail_opportunity_rate"":0.894,""phase"":""shift-2"",""recovered"":true,""requests"":2000,""tail_requests"":500,""target_valid_hit_rate"":0.8046,""window_requests"":200},{""lag_requests"":1080,""oracle_tail_opportunity_rate"":0.882,""phase"":""shift-3"",""recovered"":true,""requests"":2000,""tail_requests"":500,""target_valid_hit_rate"":0.7938,""window_requests"":200},{""lag_requests"":2000,""oracle_tail_opportunity_rate"":0.918,""phase"":""shift-4"",""recovered"":false,""requests"":2000,""tail_requests"":500,""target_valid_hit_rate"":0.8262,""window_requests"":200}]"
capacity_sweep,2976a9153db4de63,0.7,0.97,500,1.0,carma-benchmark-v2,0306a1d72df24cd30aaa,LFU,phase_shift,20260902,63228e686ce439ddfffb26b1f101ee07e9ade8c733bf6d57487b0c3c71b98e54,d9f237229290edbca7722d6d2fa71d26639f93d49803aa448546a7409feb83d0,10000,200,6176,6176,0,3824,2124,8300,0.6176,0.0,1.0,0.74409639,0.56134278,3824,0,3624,200,0.0,0.0,0.0,0.0,0.0,0,0,0,,,,,,,,2000.0,2000,4,"[{""lag_requests"":2000,""oracle_tail_opportunity_rate"":0.876,""phase"":""shift-1"",""recovered"":false,""requests"":2000,""tail_requests"":500,""target_valid_hit_rate"":0.7884,""window_requests"":200},{""lag_requests"":2000,""oracle_tail_opportunity_rate"":0.894,""phase"":""shift-2"",""recovered"":false,""requests"":2000,""tail_requests"":500,""target_valid_hit_rate"":0.8046,""window_requests"":200},{""lag_requests"":2000,""oracle_tail_opportunity_rate"":0.882,""phase"":""shift-3"",""recovered"":false,""requests"":2000,""tail_requests"":500,""target_valid_hit_rate"":0.7938,""window_requests"":200},{""lag_requests"":2000,""oracle_tail_opportunity_rate"":0.918,""phase"":""shift-4"",""recovered"":false,""requests"":2000,""tail_requests"":500,""target_valid_hit_rate"":0.8262,""window_requests"":200}]"
capacity_sweep,2976a9153db4de63,0.7,0.97,500,1.0,carma-benchmark-v2,6d70efb36fb108abd6ba,LRU,phase_shift,20260902,63228e686ce439ddfffb26b1f101ee07e9ade8c733bf6d57487b0c3c71b98e54,b95b1def699798958e5fa5bb14ffe97bfece0370e40e3d29f94f9bf86350c0cf,10000,200,7207,7207,0,2793,1093,8300,0.7207,0.0,1.0,0.86831325,0.68380246,2793,0,2593,200,0.0,0.0,0.0,0.0,0.0,0,0,0,,,,,,,,1276.75,2000,1,"[{""lag_requests"":1381,""oracle_tail_opportunity_rate"":0.876,""phase"":""shift-1"",""recovered"":true,""requests"":2000,""tail_requests"":500,""target_valid_hit_rate"":0.7884,""window_requests"":200},{""lag_requests"":1347,""oracle_tail_opportunity_rate"":0.894,""phase"":""shift-2"",""recovered"":true,""requests"":2000,""tail_requests"":500,""target_valid_hit_rate"":0.8046,""window_requests"":200},{""lag_requests"":379,""oracle_tail_opportunity_rate"":0.882,""phase"":""shift-3"",""recovered"":true,""requests"":2000,""tail_requests"":500,""target_valid_hit_rate"":0.7938,""window_requests"":200},{""lag_requests"":2000,""oracle_tail_opportunity_rate"":0.918,""phase"":""shift-4"",""recovered"":false,""requests"":2000,""tail_requests"":500,""target_valid_hit_rate"":0.8262,""window_requests"":200}]"
capacity_sweep,2976a9153db4de63,0.7,0.97,500,1.0,carma-benchmark-v2,bb4c3a372be622b68860,CARMA,phase_shift,20260903,0d49568f6f9573c105455f2750d2740c4b8c749d0f70bb5966a5a4b3a74c3ba0,dddbaf4a2312c6cbe5b3d477c7abaae76ea92e9575ebf835862fbdcc594e6068,10000,200,7310,7310,0,2690,995,8305,0.731,0.0,1.0,0.88019266,0.69176522,603,2087,403,200,0.0,0.0,0.0,0.0,0.0,6,400,200,,,,,,,,722.0,1057,0,"[{""lag_requests"":1057,""oracle_tail_opportunity_rate"":0.854,""phase"":""shift-1"",""recovered"":true,""requests"":2000,""tail_requests"":500,""target_valid_hit_rate"":0.7686,""window_requests"":200},{""lag_requests"":875,""oracle_tail_opportunity_rate"":0.85,""phase"":""shift-2"",""recovered"":true,""requests"":2000,""tail_requests"":500,""target_valid_hit_rate"":0.765,""window_requests"":200},{""lag_requests"":555,""oracle_tail_opportunity_rate"":0.902,""phase"":""shift-3"",""recovered"":true,""requests"":2000,""tail_requests"":500,""target_valid_hit_rate"":0.8118,""window_requests"":200},{""lag_requests"":401,""oracle_tail_opportunity_rate"":0.872,""phase"":""shift-4"",""recovered"":true,""requests"":2000,""tail_requests"":500,""target_valid_hit_rate"":0.7848,""window_requests"":200}]"
capacity_sweep,2976a9153db4de63,0.7,0.97,500,1.0,carma-benchmark-v2,501961cc6b0360b71f75,LFU,phase_shift,20260903,0d49568f6f9573c105455f2750d2740c4b8c749d0f70bb5966a5a4b3a74c3ba0,d8dbc354c9554c21986e3704e3d5c6bed11f63e371078c5be93cffe3367998fa,10000,200,6199,6199,0,3801,2106,8305,0.6199,0.0,1.0,0.74641782,0.55875996,3801,0,3601,200,0.0,0.0,0.0,0.0,0.0,0,0,0,,,,,,,,2000.0,2000,4,"[{""lag_requests"":2000,""oracle_tail_opportunity_rate"":0.854,""phase"":""shift-1"",""recovered"":false,""requests"":2000,""tail_requests"":500,""target_valid_hit_rate"":0.7686,""window_requests"":200},{""lag_requests"":2000,""oracle_tail_opportunity_rate"":0.85,""phase"":""shift-2"",""recovered"":false,""requests"":2000,""tail_requests"":500,""target_valid_hit_rate"":0.765,""window_requests"":200},{""lag_requests"":2000,""oracle_tail_opportunity_rate"":0.902,""phase"":""shift-3"",""recovered"":false,""requests"":2000,""tail_requests"":500,""target_valid_hit_rate"":0.8118,""window_requests"":200},{""lag_requests"":2000,""oracle_tail_opportunity_rate"":0.872,""phase"":""shift-4"",""recovered"":false,""requests"":2000,""tail_requests"":500,""target_valid_hit_rate"":0.7848,""window_requests"":200}]"
capacity_sweep,2976a9153db4de63,0.7,0.97,500,1.0,carma-benchmark-v2,5fbd5b48bec800318aa3,LRU,phase_shift,20260903,0d49568f6f9573c105455f2750d2740c4b8c749d0f70bb5966a5a4b3a74c3ba0,d789cf83e14bbe12377339b9a250ef98a6d1487757bf9034f444f7a884ef058d,10000,200,7240,7240,0,2760,1065,8305,0.724,0.0,1.0,0.871764,0.68331684,2760,0,2560,200,0.0,0.0,0.0,0.0,0.0,0,0,0,,,,,,,,339.25,549,0,"[{""lag_requests"":348,""oracle_tail_opportunity_rate"":0.854,""phase"":""shift-1"",""recovered"":true,""requests"":2000,""tail_requests"":500,""target_valid_hit_rate"":0.7686,""window_requests"":200},{""lag_requests"":106,""oracle_tail_opportunity_rate"":0.85,""phase"":""shift-2"",""recovered"":true,""requests"":2000,""tail_requests"":500,""target_valid_hit_rate"":0.765,""window_requests"":200},{""lag_requests"":549,""oracle_tail_opportunity_rate"":0.902,""phase"":""shift-3"",""recovered"":true,""requests"":2000,""tail_requests"":500,""target_valid_hit_rate"":0.8118,""window_requests"":200},{""lag_requests"":354,""oracle_tail_opportunity_rate"":0.872,""phase"":""shift-4"",""recovered"":true,""requests"":2000,""tail_requests"":500,""target_valid_hit_rate"":0.7848,""window_requests"":200}]"
capacity_sweep,2976a9153db4de63,0.7,0.97,500,1.0,carma-benchmark-v2,b1812a90c6c515410a78,CARMA,phase_shift,20260904,7bdfac164be1e5de8f9b7aff405178f34440dd325f2042cf3ef7bc2c2b350792,8afeccbbeb055349a382818f85475f8883f25347d62cf8456e9b77ca7c007035,10000,200,7252,7252,0,2748,1032,8284,0.7252,0.0,1.0,0.8754225,0.68602839,615,2133,415,200,0.0,0.0,0.0,0.0,0.0,6,400,200,,,,,,,,1082.0,1622,0,"[{""lag_requests"":378,""oracle_tail_opportunity_rate"":0.846,""phase"":""shift-1"",""recovered"":true,""requests"":2000,""tail_requests"":500,""target_valid_hit_rate"":0.7614,""window_requests"":200},{""lag_requests"":1622,""oracle_tail_opportunity_rate"":0.886,""phase"":""shift-2"",""recovered"":true,""requests"":2000,""tail_requests"":500,""target_valid_hit_rate"":0.7974,""window_requests"":200},{""lag_requests"":1171,""oracle_tail_opportunity_rate"":0.904,""phase"":""shift-3"",""recovered"":true,""requests"":2000,""tail_requests"":500,""target_valid_hit_rate"":0.8136,""window_requests"":200},{""lag_requests"":1157,""oracle_tail_opportunity_rate"":0.884,""phase"":""shift-4"",""recovered"":true,""requests"":2000,""tail_requests"":500,""target_valid_hit_rate"":0.7956,""window_requests"":200}]"
capacity_sweep,2976a9153db4de63,0.7,0.97,500,1.0,carma-benchmark-v2,ff8f42cd1a8d9babf91d,LFU,phase_shift,20260904,7bdfac164be1e5de8f9b7aff405178f34440dd325f2042cf3ef7bc2c2b350792,6b54f8cb5c30568efc75ac88c61de30a76f6bd2447b5ee17f01f850ae69d03c9,10000,200,6022,6022,0,3978,2262,8284,0.6022,0.0,1.0,0.72694351,0.53865965,3978,0,3778,200,0.0,0.0,0.0,0.0,0.0,0,0,0,,,,,,,,2000.0,2000,4,"[{""lag_requests"":2000,""oracle_tail_opportunity_rate"":0.846,""phase"":""shift-1"",""recovered"":false,""requests"":2000,""tail_requests"":500,""target_valid_hit_rate"":0.7614,""window_requests"":200},{""lag_requests"":2000,""oracle_tail_opportunity_rate"":0.886,""phase"":""shift-2"",""recovered"":false,""requests"":2000,""tail_requests"":500,""target_valid_hit_rate"":0.7974,""window_requests"":200},{""lag_requests"":2000,""oracle_tail_opportunity_rate"":0.904,""phase"":""shift-3"",""recovered"":false,""requests"":2000,""tail_requests"":500,""target_valid_hit_rate"":0.8136,""window_requests"":200},{""lag_requests"":2000,""oracle_tail_opportunity_rate"":0.884,""phase"":""shift-4"",""recovered"":false,""requests"":2000,""tail_requests"":500,""target_valid_hit_rate"":0.7956,""window_requests"":200}]"
capacity_sweep,2976a9153db4de63,0.7,0.97,500,1.0,carma-benchmark-v2,8ced610652b1671df42a,LRU,phase_shift,20260904,7bdfac164be1e5de8f9b7aff405178f34440dd325f2042cf3ef7bc2c2b350792,066ad6381d451f769d3d013c31bdf2bc51f818586cda5baf2eaa482256fe3a03,10000,200,7129,7129,0,2871,1155,8284,0.7129,0.0,1.0,0.8605746,0.67039786,2871,0,2671,200,0.0,0.0,0.0,0.0,0.0,0,0,0,,,,,,,,1292.0,2000,1,"[{""lag_requests"":376,""oracle_tail_opportunity_rate"":0.846,""phase"":""shift-1"",""recovered"":true,""requests"":2000,""tail_requests"":500,""target_valid_hit_rate"":0.7614,""window_requests"":200},{""lag_requests"":1608,""oracle_tail_opportunity_rate"":0.886,""phase"":""shift-2"",""recovered"":true,""requests"":2000,""tail_requests"":500,""target_valid_hit_rate"":0.7974,""window_requests"":200},{""lag_requests"":2000,""oracle_tail_opportunity_rate"":0.904,""phase"":""shift-3"",""recovered"":false,""requests"":2000,""tail_requests"":500,""target_valid_hit_rate"":0.8136,""window_requests"":200},{""lag_requests"":1184,""oracle_tail_opportunity_rate"":0.884,""phase"":""shift-4"",""recovered"":true,""requests"":2000,""tail_requests"":500,""target_valid_hit_rate"":0.7956,""window_requests"":200}]"
capacity_sweep,2976a9153db4de63,0.7,0.97,500,1.0,carma-benchmark-v2,c43af7cd55639fbf99bc,CARMA,phase_shift,20260905,38939b8efe91a6e78fe85b80e78b662885812ccb1cb551e310db83bc3a9eba89,4f7d4bdf44c3dc0e3484f3072ca687a09224df0f334ba88416dc4d6758c9278b,10000,200,7243,7243,0,2757,1024,8267,0.7243,0.0,1.0,0.87613403,0.68023139,606,2151,406,200,0.0,0.0,0.0,0.0,0.0,6,400,200,,,,,,,,1150.25,1582,0,"[{""lag_requests"":1582,""oracle_tail_opportunity_rate"":0.88,""phase"":""shift-1"",""recovered"":true,""requests"":2000,""tail_requests"":500,""target_valid_hit_rate"":0.792,""window_requests"":200},{""lag_requests"":918,""oracle_tail_opportunity_rate"":0.854,""phase"":""shift-2"",""recovered"":true,""requests"":2000,""tail_requests"":500,""target_valid_hit_rate"":0.7686,""window_requests"":200},{""lag_requests"":725,""oracle_tail_opportunity_rate"":0.868,""phase"":""shift-3"",""recovered"":true,""requests"":2000,""tail_requests"":500,""target_valid_hit_rate"":0.7812,""window_requests"":200},{""lag_requests"":1376,""oracle_tail_opportunity_rate"":0.894,""phase"":""shift-4"",""recovered"":true,""requests"":2000,""tail_requests"":500,""target_valid_hit_rate"":0.8046,""window_requests"":200}]"
capacity_sweep,2976a9153db4de63,0.7,0.97,500,1.0,carma-benchmark-v2,f628cc3f1b6325fa0d3d,LFU,phase_shift,20260905,38939b8efe91a6e78fe85b80e78b662885812ccb1cb551e310db83bc3a9eba89,003b391b926ccce9e4e445f500419a25bd4ee466e1e722e426bf94df59f81e6d,10000,200,6150,6150,0,3850,2117,8267,0.615,0.0,1.0,0.74392162,0.54533434,3850,0,3650,200,0.0,0.0,0.0,0.0,0.0,0,0,0,,,,,,,,2000.0,2000,4,"[{""lag_requests"":2000,""oracle_tail_opportunity_rate"":0.88,""phase"":""shift-1"",""recovered"":false,""requests"":2000,""tail_requests"":500,""target_valid_hit_rate"":0.792,""window_requests"":200},{""lag_requests"":2000,""oracle_tail_opportunity_rate"":0.854,""phase"":""shift-2"",""recovered"":false,""requests"":2000,""tail_requests"":500,""target_valid_hit_rate"":0.7686,""window_requests"":200},{""lag_requests"":2000,""oracle_tail_opportunity_rate"":0.868,""phase"":""shift-3"",""recovered"":false,""requests"":2000,""tail_requests"":500,""target_valid_hit_rate"":0.7812,""window_requests"":200},{""lag_requests"":2000,""oracle_tail_opportunity_rate"":0.894,""phase"":""shift-4"",""recovered"":false,""requests"":2000,""tail_requests"":500,""target_valid_hit_rate"":0.8046,""window_requests"":200}]"
capacity_sweep,2976a9153db4de63,0.7,0.97,500,1.0,carma-benchmark-v2,12de3f030d29a53d75bd,LRU,phase_shift,20260905,38939b8efe91a6e78fe85b80e78b662885812ccb1cb551e310db83bc3a9eba89,4031679e7de9c6039cef96ef4e28db0c78501ae488adc4123c4f2e78279b16d8,10000,200,7164,7164,0,2836,1103,8267,0.7164,0.0,1.0,0.86657796,0.67411884,2836,0,2636,200,0.0,0.0,0.0,0.0,0.0,0,0,0,,,,,,,,1307.0,2000,1,"[{""lag_requests"":2000,""oracle_tail_opportunity_rate"":0.88,""phase"":""shift-1"",""recovered"":false,""requests"":2000,""tail_requests"":500,""target_valid_hit_rate"":0.792,""window_requests"":200},{""lag_requests"":244,""oracle_tail_opportunity_rate"":0.854,""phase"":""shift-2"",""recovered"":true,""requests"":2000,""tail_requests"":500,""target_valid_hit_rate"":0.7686,""window_requests"":200},{""lag_requests"":1323,""oracle_tail_opportunity_rate"":0.868,""phase"":""shift-3"",""recovered"":true,""requests"":2000,""tail_requests"":500,""target_valid_hit_rate"":0.7812,""window_requests"":200},{""lag_requests"":1661,""oracle_tail_opportunity_rate"":0.894,""phase"":""shift-4"",""recovered"":true,""requests"":2000,""tail_requests"":500,""target_valid_hit_rate"":0.8046,""window_requests"":200}]"
capacity_sweep,2976a9153db4de63,0.7,0.97,500,1.0,carma-benchmark-v2,ea481130182c9a336f49,CARMA,pollution_scan,20260901,b907ae74d62efb16d0edd971cf59414957ae5165365dac6ea44abdc55b24fe24,05c1d55f4a009e55ae5ef2fe0a9bacb15b1ced91d8d6b726f22ec138b4f6e7f7,10000,200,5920,5920,0,4080,0,5920,0.592,0.0,1.0,1.0,0.46042218,200,3880,0,200,0.0,0.0,0.0,0.0,0.0,6,400,200,3000,3000,0,3000,1.0,0.0,1.0,,,,
capacity_sweep,2976a9153db4de63,0.7,0.97,500,1.0,carma-benchmark-v2,bbaf1b4cad4fa8db99fc,LFU,pollution_scan,20260901,b907ae74d62efb16d0edd971cf59414957ae5165365dac6ea44abdc55b24fe24,961ea2fab9100cc00bcea32341d8d61de5bf92103a3d6d9649c565587a228e30,10000,200,5920,5920,0,4080,0,5920,0.592,0.0,1.0,1.0,0.46042218,4080,0,3880,200,0.0,0.0,0.0,0.0,0.0,0,0,0,3000,3000,0,3000,1.0,0.0,1.0,,,,
capacity_sweep,2976a9153db4de63,0.7,0.97,500,1.0,carma-benchmark-v2,0411c9465e1d8551ee4d,LRU,pollution_scan,20260901,b907ae74d62efb16d0edd971cf59414957ae5165365dac6ea44abdc55b24fe24,2e9bf67c28d670f52e47954b982c9325f7d9a864a7b42cf1537fb24862d92026,10000,200,5840,5840,0,4160,80,5920,0.584,0.0,1.0,0.98648649,0.45019441,4160,0,3960,200,0.0,0.0,0.0,0.0,0.0,0,0,0,3000,2920,0,3000,0.97333333,0.0,0.97333333,,,,
capacity_sweep,2976a9153db4de63,0.7,0.97,500,1.0,carma-benchmark-v2,4c2e574fc51613974a14,CARMA,pollution_scan,20260902,bd37c54a996e64686adb5387c1707213768c3ca65f5478e6f87dfdf1ace1249c,059a916f75231c1adf4bb7fda7af91bd7dc098605a1ff0a851a91d8673124519,10000,200,5920,5920,0,4080,0,5920,0.592,0.0,1.0,1.0,0.46027774,200,3880,0,200,0.0,0.0,0.0,0.0,0.0,6,400,200,3000,3000,0,3000,1.0,0.0,1.0,,,,
capacity_sweep,2976a9153db4de63,0.7,0.97,500,1.0,carma-benchmark-v2,e0987227f0e274ba0a3d,LFU,pollution_scan,20260902,bd37c54a996e64686adb5387c1707213768c3ca65f5478e6f87dfdf1ace1249c,3b5cdd732c2e5b0464c157fb595e81109d5f9e6452268731eb0813c395b1adb5,10000,200,5920,5920,0,4080,0,5920,0.592,0.0,1.0,1.0,0.46027774,4080,0,3880,200,0.0,0.0,0.0,0.0,0.0,0,0,0,3000,3000,0,3000,1.0,0.0,1.0,,,,
capacity_sweep,2976a9153db4de63,0.7,0.97,500,1.0,carma-benchmark-v2,50a6052c4b7f2365db5e,LRU,pollution_scan,20260902,bd37c54a996e64686adb5387c1707213768c3ca65f5478e6f87dfdf1ace1249c,2abdc8f1f96afd0cccae3f4323f2a1dea3a56c132adad222860ecbb2ead56ca6,10000,200,5840,5840,0,4160,80,5920,0.584,0.0,1.0,0.98648649,0.45004723,4160,0,3960,200,0.0,0.0,0.0,0.0,0.0,0,0,0,3000,2920,0,3000,0.97333333,0.0,0.97333333,,,,
capacity_sweep,2976a9153db4de63,0.7,0.97,500,1.0,carma-benchmark-v2,8ec26d235c920881ce05,CARMA,pollution_scan,20260903,2e783243ddaad7d4dd7594420d07dacd9193c15ab2dc0f8c3702dec8b4ed89a4,5d78bfa06ccd7a85c35297e0328e84cb20587730166dc2090808ec5d32d32206,10000,200,5920,5920,0,4080,0,5920,0.592,0.0,1.0,1.0,0.4555761,200,3880,0,200,0.0,0.0,0.0,0.0,0.0,6,400,200,3000,3000,0,3000,1.0,0.0,1.0,,,,
capacity_sweep,2976a9153db4de63,0.7,0.97,500,1.0,carma-benchmark-v2,fbf7ed611a084802ddae,LFU,pollution_scan,20260903,2e783243ddaad7d4dd7594420d07dacd9193c15ab2dc0f8c3702dec8b4ed89a4,237f093ba60fe3d671c8e2f9172cbfd43cf7738a70fe5d61d9c6769fa9e9884f,10000,200,5920,5920,0,4080,0,5920,0.592,0.0,1.0,1.0,0.4555761,4080,0,3880,200,0.0,0.0,0.0,0.0,0.0,0,0,0,3000,3000,0,3000,1.0,0.0,1.0,,,,
capacity_sweep,2976a9153db4de63,0.7,0.97,500,1.0,carma-benchmark-v2,f3cedb1ee98c72af6a5b,LRU,pollution_scan,20260903,2e783243ddaad7d4dd7594420d07dacd9193c15ab2dc0f8c3702dec8b4ed89a4,dc3de4b2736bb533e1d67770c5699373894c6bcc94c4025be914cb67afe109d0,10000,200,5840,5840,0,4160,80,5920,0.584,0.0,1.0,0.98648649,0.44525647,4160,0,3960,200,0.0,0.0,0.0,0.0,0.0,0,0,0,3000,2920,0,3000,0.97333333,0.0,0.97333333,,,,
capacity_sweep,2976a9153db4de63,0.7,0.97,500,1.0,carma-benchmark-v2,6466fdfe28ff2831c38c,CARMA,pollution_scan,20260904,c4a0a02deaaaecb2783800f6d5a443d457825fd56ccce4fc262d4af90b41d7c8,0d73c5e30249ba8e6722a0d2ac6681b319617425c062bbc28a0c0c569b74a88b,10000,200,5920,5920,0,4080,0,5920,0.592,0.0,1.0,1.0,0.45786899,200,3880,0,200,0.0,0.0,0.0,0.0,0.0,6,400,200,3000,3000,0,3000,1.0,0.0,1.0,,,,
capacity_sweep,2976a9153db4de63,0.7,0.97,500,1.0,carma-benchmark-v2,fb115f0943b78837df11,LFU,pollution_scan,20260904,c4a0a02deaaaecb2783800f6d5a443d457825fd56ccce4fc262d4af90b41d7c8,59a33527f632245664f07055ef523b2f5e6638b9e23cb2b09143d914d7d9886e,10000,200,5920,5920,0,4080,0,5920,0.592,0.0,1.0,1.0,0.45786899,4080,0,3880,200,0.0,0.0,0.0,0.0,0.0,0,0,0,3000,3000,0,3000,1.0,0.0,1.0,,,,
capacity_sweep,2976a9153db4de63,0.7,0.97,500,1.0,carma-benchmark-v2,8d17f89b957e371d6669,LRU,pollution_scan,20260904,c4a0a02deaaaecb2783800f6d5a443d457825fd56ccce4fc262d4af90b41d7c8,65eb80208d8f35e6ab1fb832239d24b138899fd484d9a14ba64bb406fc99adb9,10000,200,5840,5840,0,4160,80,5920,0.584,0.0,1.0,0.98648649,0.44759283,4160,0,3960,200,0.0,0.0,0.0,0.0,0.0,0,0,0,3000,2920,0,3000,0.97333333,0.0,0.97333333,,,,
capacity_sweep,2976a9153db4de63,0.7,0.97,500,1.0,carma-benchmark-v2,879ef25aefddf4c1678c,CARMA,pollution_scan,20260905,0fa6d3adfead255147fe857bca6f6daa716fcec745387369bae2c804171c3c5a,29a59bbf35c9fd76176c28fe9287e299ebced7e1ce1f557a4e1938b3143a0030,10000,200,5920,5920,0,4080,0,5920,0.592,0.0,1.0,1.0,0.46101066,200,3880,0,200,0.0,0.0,0.0,0.0,0.0,6,400,200,3000,3000,0,3000,1.0,0.0,1.0,,,,
capacity_sweep,2976a9153db4de63,0.7,0.97,500,1.0,carma-benchmark-v2,27b480dd250688181da6,LFU,pollution_scan,20260905,0fa6d3adfead255147fe857bca6f6daa716fcec745387369bae2c804171c3c5a,597f39cc762732817968ddf82f74a308b3bea79c26c57732af2bed9d3e09ffb4,10000,200,5920,5920,0,4080,0,5920,0.592,0.0,1.0,1.0,0.46101066,4080,0,3880,200,0.0,0.0,0.0,0.0,0.0,0,0,0,3000,3000,0,3000,1.0,0.0,1.0,,,,
capacity_sweep,2976a9153db4de63,0.7,0.97,500,1.0,carma-benchmark-v2,b871511abbf91472bffc,LRU,pollution_scan,20260905,0fa6d3adfead255147fe857bca6f6daa716fcec745387369bae2c804171c3c5a,bf1dfa1b13d2f25b4e12f76c88f69bd4adc80d23cb1cfe7efd096f45d9b40556,10000,200,5840,5840,0,4160,80,5920,0.584,0.0,1.0,0.98648649,0.45079404,4160,0,3960,200,0.0,0.0,0.0,0.0,0.0,0,0,0,3000,2920,0,3000,0.97333333,0.0,0.97333333,,,,
capacity_sweep,2976a9153db4de63,0.7,0.97,500,1.0,carma-benchmark-v2,5ba4ea015a97254314bb,CARMA,stationary,20260901,7f3a93e37d7e7010fc8b96d1f08ad6db5165c5979c405059d78a870f6ffcd910,5c98d1986c6393de0c075cd0bc367a0971082bcfd51d6b6bd78dc6264e34c855,10000,200,5969,5969,0,4031,1179,7148,0.5969,0.0,1.0,0.83505876,0.5108544,458,3573,258,200,0.0,0.0,0.0,0.0,0.0,6,400,200,,,,,,,,,,,
capacity_sweep,2976a9153db4de63,0.7,0.97,500,1.0,carma-benchmark-v2,ea426591cb42ecd06bfb,LFU,stationary,20260901,7f3a93e37d7e7010fc8b96d1f08ad6db5165c5979c405059d78a870f6ffcd910,2ca62e4d405288dbb7ecc81eb55331fd742369b48dc9e0dca65f128aa0fdc3d5,10000,200,5322,5322,0,4678,1826,7148,0.5322,0.0,1.0,0.74454393,0.42255481,4678,0,4478,200,0.0,0.0,0.0,0.0,0.0,0,0,0,,,,,,,,,,,
capacity_sweep,2976a9153db4de63,0.7,0.97,500,1.0,carma-benchmark-v2,3506a9d36a037f7a8c16,LRU,stationary,20260901,7f3a93e37d7e7010fc8b96d1f08ad6db5165c5979c405059d78a870f6ffcd910,fb89b2a342793d247cd516d374f3cfa65c8004b7df971e7e3c38373d4ad8d69f,10000,200,5191,5191,0,4809,1957,7148,0.5191,0.0,1.0,0.72621712,0.41197001,4809,0,4609,200,0.0,0.0,0.0,0.0,0.0,0,0,0,,,,,,,,,,,
capacity_sweep,2976a9153db4de63,0.7,0.97,500,1.0,carma-benchmark-v2,f8f1668c0495bbe22774,CARMA,stationary,20260902,46910714c951f6fbbc88236ddffad29f8d953c012a39ca17f76eb1f1739d97e0,c511f29e32e4b220daeeee984a3d0e5ccf583bfcecb44a01630b0f4767edc453,10000,200,6012,6012,0,3988,1127,7139,0.6012,0.0,1.0,0.84213475,0.5130533,453,3535,253,200,0.0,0.0,0.0,0.0,0.0,6,400,200,,,,,,,,,,,
capacity_sweep,2976a9153db4de63,0.7,0.97,500,1.0,carma-benchmark-v2,eb54271a72552fccebc3,LFU,stationary,20260902,46910714c951f6fbbc88236ddffad29f8d953c012a39ca17f76eb1f1739d97e0,6a23295c0f940679b53326917781a35fea0558d432bb8e993a3636bd2a03ff28,10000,200,5452,5452,0,4548,1687,7139,0.5452,0.0,1.0,0.76369239,0.43661742,4548,0,4348,200,0.0,0.0,0.0,0.0,0.0,0,0,0,,,,,,,,,,,
capacity_sweep,2976a9153db4de63,0.7,0.97,500,1.0,carma-benchmark-v2,9cfb076ea49feeec8ec2,LRU,stationary,20260902,46910714c951f6fbbc88236ddffad29f8d953c012a39ca17f76eb1f1739d97e0,dab0dee70767b6bf4d6b439ab51d709b5494eb3fccfe10c03fb8e71a723313fe,10000,200,5145,5145,0,4855,1994,7139,0.5145,0.0,1.0,0.72068917,0.40232474,4855,0,4655,200,0.0,0.0,0.0,0.0,0.0,0,0,0,,,,,,,,,,,
capacity_sweep,2976a9153db4de63,0.7,0.97,500,1.0,carma-benchmark-v2,eeedddf7c12b354294b0,CARMA,stationary,20260903,a14ee464e7b0c1b1d7227890b71cf8678d10fd53c0ef3b3ff469830070a8adc1,8169c14c87424c879b501d173ea8db054ffeb18d1e2263b2ea008d0d95c3c589,10000,200,6026,6026,0,3974,1123,7149,0.6026,0.0,1.0,0.84291509,0.53305472,424,3550,224,200,0.0,0.0,0.0,0.0,0.0,6,400,200,,,,,,,,,,,
capacity_sweep,2976a9153db4de63,0.7,0.97,500,1.0,carma-benchmark-v2,72154dc29f335d00e2d7,LFU,stationary,20260903,a14ee464e7b0c1b1d7227890b71cf8678d10fd53c0ef3b3ff469830070a8adc1,8e4c35f1c7eb11806d23078d50852c3d63329295e9bbdc9ea2ee4b4ed7a568b5,10000,200,5453,5453,0,4547,1696,7149,0.5453,0.0,1.0,0.76276402,0.46310993,4547,0,4347,200,0.0,0.0,0.0,0.0,0.0,0,0,0,,,,,,,,,,,
capacity_sweep,2976a9153db4de63,0.7,0.97,500,1.0,carma-benchmark-v2,6e76d448792914eb3f83,LRU,stationary,20260903,a14ee464e7b0c1b1d7227890b71cf8678d10fd53c0ef3b3ff469830070a8adc1,28234b598032207e85584f34606b1b935e90a00d1bc7ea3e9013a586625a4f7e,10000,200,5248,5248,0,4752,1901,7149,0.5248,0.0,1.0,0.73408868,0.43096801,4752,0,4552,200,0.0,0.0,0.0,0.0,0.0,0,0,0,,,,,,,,,,,
capacity_sweep,2976a9153db4de63,0.7,0.97,500,1.0,carma-benchmark-v2,5dbef5d8ce444edbbc20,CARMA,stationary,20260904,d617955aa4b50b89a3c31a0348f375a374ecfbbb0f4c12e3a7382ccab84658a8,f437d44647c735feb9c5e0e74e3c87dd885d50874156108df17e580c829db158,10000,200,5985,5985,0,4015,1145,7130,0.5985,0.0,1.0,0.83941094,0.5448152,446,3569,246,200,0.0,0.0,0.0,0.0,0.0,6,400,200,,,,,,,,,,,
capacity_sweep,2976a9153db4de63,0.7,0.97,500,1.0,carma-benchmark-v2,71ba82a785d7d53be64f,LFU,stationary,20260904,d617955aa4b50b89a3c31a0348f375a374ecfbbb0f4c12e3a7382ccab84658a8,30007612ee57a1d283ebbc082440a3ddf45f23406babeae391811eda0ec81170,10000,200,5438,5438,0,4562,1692,7130,0.5438,0.0,1.0,0.76269285,0.47053224,4562,0,4362,200,0.0,0.0,0.0,0.0,0.0,0,0,0,,,,,,,,,,,
capacity_sweep,2976a9153db4de63,0.7,0.97,500,1.0,carma-benchmark-v2,b97891bce8568a8f40bb,LRU,stationary,20260904,d617955aa4b50b89a3c31a0348f375a374ecfbbb0f4c12e3a7382ccab84658a8,7f70cc3e924e17a35c99e08762cfb393b74d8bd54d6450199eaf97bc7b9a1275,10000,200,5180,5180,0,4820,1950,7130,0.518,0.0,1.0,0.72650771,0.4432128,4820,0,4620,200,0.0,0.0,0.0,0.0,0.0,0,0,0,,,,,,,,,,,
capacity_sweep,2976a9153db4de63,0.7,0.97,500,1.0,carma-benchmark-v2,6f8a7988048fd2ed57ff,CARMA,stationary,20260905,71801167b7fcf28bf68a83541c75a93c367b79240227c9997b39382b7c891f74,26b0295858e205b1004a8e757a80348f1ce9a929a8a4624f87e0deac9519ffe3,10000,200,6021,6021,0,3979,1145,7166,0.6021,0.0,1.0,0.84021769,0.54796846,443,3536,243,200,0.0,0.0,0.0,0.0,0.0,6,400,200,,,,,,,,,,,
capacity_sweep,2976a9153db4de63,0.7,0.97,500,1.0,carma-benchmark-v2,d8e1046bd56280034e29,LFU,stationary,20260905,71801167b7fcf28bf68a83541c75a93c367b79240227c9997b39382b7c891f74,4bb9242358f159e708131ac9aa0754d804c233c3d7441cfe25910eea351fdc4a,10000,200,5414,5414,0,4586,1752,7166,0.5414,0.0,1.0,0.75551214,0.46574876,4586,0,4386,200,0.0,0.0,0.0,0.0,0.0,0,0,0,,,,,,,,,,,
capacity_sweep,2976a9153db4de63,0.7,0.97,500,1.0,carma-benchmark-v2,87ce335e9c84bc447d88,LRU,stationary,20260905,71801167b7fcf28bf68a83541c75a93c367b79240227c9997b39382b7c891f74,d1daa9c667e284f37f9d69fa3a0b811325c7fc7ceaa94d96a167072bf800afd9,10000,200,5252,5252,0,4748,1914,7166,0.5252,0.0,1.0,0.73290539,0.45364889,4748,0,4548,200,0.0,0.0,0.0,0.0,0.0,0,0,0,,,,,,,,,,,
hard_negative_diagnostic,2976a9153db4de63,0.7,0.97,500,1.0,carma-benchmark-v2,dbef979610d2bd658a61,CARMA,novel,20261001,8085e3c53cff14ad7992b2e039f75f476d04967ec8f67da8016b0b1737a4978d,833f0410fd88ead2a68bf993116d13f10f2dda08cb97ed03e84bf047f86a1302,200,100,1,0,1,199,0,0,0.0,0.005,0.0,0.0,0.0,100,99,0,100,0.0,0.0,0.0,0.0,0.0,1,199,99,,,,,,,,,,,
hard_negative_diagnostic,2976a9153db4de63,0.7,0.97,500,1.0,carma-benchmark-v2,9252b69924e91a055f6d,CARMA_NO_CLUSTER,novel,20261001,8085e3c53cff14ad7992b2e039f75f476d04967ec8f67da8016b0b1737a4978d,a946a1f0210574c31d487cb22ebb83204058b226a7f4f4ba0a01c8a72fd1a646,200,100,1,0,1,199,0,0,0.0,0.005,0.0,0.0,0.0,100,99,0,100,0.0,0.0,0.0,0.0,0.0,1,199,99,,,,,,,,,,,
hard_negative_diagnostic,2976a9153db4de63,0.7,0.97,500,1.0,carma-benchmark-v2,3c0f5c4be9c0e9d56ec3,LFU,novel,20261001,8085e3c53cff14ad7992b2e039f75f476d04967ec8f67da8016b0b1737a4978d,a3097f0cf343acdda6457f30dc9ed6e7764a576a18ef5f84455587aa0d239836,200,100,1,0,1,199,0,0,0.0,0.005,0.0,0.0,0.0,199,0,99,100,0.0,0.0,0.0,0.0,0.0,0,0,0,,,,,,,,,,,
hard_negative_diagnostic,2976a9153db4de63,0.7,0.97,500,1.0,carma-benchmark-v2,a84d4a2d7930c9d9cb2f,LRU,novel,20261001,8085e3c53cff14ad7992b2e039f75f476d04967ec8f67da8016b0b1737a4978d,a083ccc6193d0db1f8381f6793e1569eba5921b2fe0ecff52ca7d4a7dfc17fb1,200,100,1,0,1,199,0,0,0.0,0.005,0.0,0.0,0.0,199,0,99,100,0.0,0.0,0.0,0.0,0.0,0,0,0,,,,,,,,,,,
hard_negative_diagnostic,2976a9153db4de63,0.7,0.97,500,1.0,carma-benchmark-v2,10c1ee70216ebd83f6f8,CARMA,novel,20261002,00c72cea610460e2d93812322dbae2f9725a5082f3dcf138fc9cc05d491190a3,9609989d606bf804655be436b4838ac4bb76fdf3d6cecabacf4dc39ef5689b32,200,100,1,0,1,199,0,0,0.0,0.005,0.0,0.0,0.0,100,99,0,100,0.0,0.0,0.0,0.0,0.0,1,199,99,,,,,,,,,,,
hard_negative_diagnostic,2976a9153db4de63,0.7,0.97,500,1.0,carma-benchmark-v2,09e048f729078e338a6b,CARMA_NO_CLUSTER,novel,20261002,00c72cea610460e2d93812322dbae2f9725a5082f3dcf138fc9cc05d491190a3,17717739e171dd45acb6e2f0afd883691123c51a9aa7029e92816b64e67cc290,200,100,1,0,1,199,0,0,0.0,0.005,0.0,0.0,0.0,100,99,0,100,0.0,0.0,0.0,0.0,0.0,1,199,99,,,,,,,,,,,
hard_negative_diagnostic,2976a9153db4de63,0.7,0.97,500,1.0,carma-benchmark-v2,b183ecc468b592cf59de,LFU,novel,20261002,00c72cea610460e2d93812322dbae2f9725a5082f3dcf138fc9cc05d491190a3,014da4598a83a709aab844515d9578e5cca0b2a8542dd3e68ef92c098ee722e7,200,100,1,0,1,199,0,0,0.0,0.005,0.0,0.0,0.0,199,0,99,100,0.0,0.0,0.0,0.0,0.0,0,0,0,,,,,,,,,,,
hard_negative_diagnostic,2976a9153db4de63,0.7,0.97,500,1.0,carma-benchmark-v2,845b6d9b46a8ca96265e,LRU,novel,20261002,00c72cea610460e2d93812322dbae2f9725a5082f3dcf138fc9cc05d491190a3,f6e03d4621cc12362c0288126a1e4de6784779433c93db8d331544a9665ead58,200,100,1,0,1,199,0,0,0.0,0.005,0.0,0.0,0.0,199,0,99,100,0.0,0.0,0.0,0.0,0.0,0,0,0,,,,,,,,,,,
hard_negative_diagnostic,2976a9153db4de63,0.7,0.97,500,1.0,carma-benchmark-v2,5ce10f6855876bde6f70,CARMA,novel,20261003,8cce31bdcd636dbed7d7d24073b3e59326c5aa718aa09a59d2443f3b8825c24b,927f74768871802c804a164e4040ffd05f655485afc1b90e64a6072b83b97963,200,100,1,0,1,199,0,0,0.0,0.005,0.0,0.0,0.0,100,99,0,100,0.0,0.0,0.0,0.0,0.0,1,199,99,,,,,,,,,,,
hard_negative_diagnostic,2976a9153db4de63,0.7,0.97,500,1.0,carma-benchmark-v2,94208bc1eb6f80d1e60a,CARMA_NO_CLUSTER,novel,20261003,8cce31bdcd636dbed7d7d24073b3e59326c5aa718aa09a59d2443f3b8825c24b,5674981d3810b6442504ef7d4054d5bf74fe501814099b61d60578f476c9c752,200,100,1,0,1,199,0,0,0.0,0.005,0.0,0.0,0.0,100,99,0,100,0.0,0.0,0.0,0.0,0.0,1,199,99,,,,,,,,,,,
hard_negative_diagnostic,2976a9153db4de63,0.7,0.97,500,1.0,carma-benchmark-v2,e7fc7581e41b84746170,LFU,novel,20261003,8cce31bdcd636dbed7d7d24073b3e59326c5aa718aa09a59d2443f3b8825c24b,404b49fd13adb8465ea577f25a1d943cd3b64a4f4186dc90a487ed64c50b9d5a,200,100,1,0,1,199,0,0,0.0,0.005,0.0,0.0,0.0,199,0,99,100,0.0,0.0,0.0,0.0,0.0,0,0,0,,,,,,,,,,,
hard_negative_diagnostic,2976a9153db4de63,0.7,0.97,500,1.0,carma-benchmark-v2,3ced476a8c3678cdfea7,LRU,novel,20261003,8cce31bdcd636dbed7d7d24073b3e59326c5aa718aa09a59d2443f3b8825c24b,57257a568ffb6b35c91bd6afd5b445e6410e1a932b900cf2e5d41d54bbb8c69c,200,100,1,0,1,199,0,0,0.0,0.005,0.0,0.0,0.0,199,0,99,100,0.0,0.0,0.0,0.0,0.0,0,0,0,,,,,,,,,,,
primary_test,2976a9153db4de63,0.7,0.97,500,1.0,carma-benchmark-v2,0efaa183b5a0162e5074,CARMA,phase_shift,20260901,12f4d47c01772a0fbea40561b7785dc022dac42fad6f871b9f0faec3d52d9819,1b7689100805dd987b98ef52db5dbc3f600b72a1c3b2954c2590ee2e4e8d026c,10000,100,6797,6797,0,3203,1468,8265,0.6797,0.0,1.0,0.82238355,0.63156138,595,2608,495,100,0.0,0.0,0.0,0.0,0.0,6,200,100,,,,,,,,2000.0,2000,4,"[{""lag_requests"":2000,""oracle_tail_opportunity_rate"":0.842,""phase"":""shift-1"",""recovered"":false,""requests"":2000,""tail_requests"":500,""target_valid_hit_rate"":0.7578,""window_requests"":200},{""lag_requests"":2000,""oracle_tail_opportunity_rate"":0.874,""phase"":""shift-2"",""recovered"":false,""requests"":2000,""tail_requests"":500,""target_valid_hit_rate"":0.7866,""window_requests"":200},{""lag_requests"":2000,""oracle_tail_opportunity_rate"":0.9,""phase"":""shift-3"",""recovered"":false,""requests"":2000,""tail_requests"":500,""target_valid_hit_rate"":0.81,""window_requests"":200},{""lag_requests"":2000,""oracle_tail_opportunity_rate"":0.906,""phase"":""shift-4"",""recovered"":false,""requests"":2000,""tail_requests"":500,""target_valid_hit_rate"":0.8154,""window_requests"":200}]"
primary_test,2976a9153db4de63,0.7,0.97,500,1.0,carma-benchmark-v2,5092e5a021e592b4ab82,CARMA_NO_ADMISSION,phase_shift,20260901,12f4d47c01772a0fbea40561b7785dc022dac42fad6f871b9f0faec3d52d9819,f7f768860b66ff2c9ad010f3ea5cb92f8e3fbb91215df13d7f0e4f068455ebfa,10000,100,6743,6743,0,3257,1522,8265,0.6743,0.0,1.0,0.81584997,0.62528008,3257,0,3157,100,0.0,0.0,0.0,0.0,0.0,6,200,100,,,,,,,,1764.75,2000,3,"[{""lag_requests"":1059,""oracle_tail_opportunity_rate"":0.842,""phase"":""shift-1"",""recovered"":true,""requests"":2000,""tail_requests"":500,""target_valid_hit_rate"":0.7578,""window_requests"":200},{""lag_requests"":2000,""oracle_tail_opportunity_rate"":0.874,""phase"":""shift-2"",""recovered"":false,""requests"":2000,""tail_requests"":500,""target_valid_hit_rate"":0.7866,""window_requests"":200},{""lag_requests"":2000,""oracle_tail_opportunity_rate"":0.9,""phase"":""shift-3"",""recovered"":false,""requests"":2000,""tail_requests"":500,""target_valid_hit_rate"":0.81,""window_requests"":200},{""lag_requests"":2000,""oracle_tail_opportunity_rate"":0.906,""phase"":""shift-4"",""recovered"":false,""requests"":2000,""tail_requests"":500,""target_valid_hit_rate"":0.8154,""window_requests"":200}]"
primary_test,2976a9153db4de63,0.7,0.97,500,1.0,carma-benchmark-v2,2df907ca06df6b467108,CARMA_NO_CLUSTER,phase_shift,20260901,12f4d47c01772a0fbea40561b7785dc022dac42fad6f871b9f0faec3d52d9819,5a3e95133fb154ada34d8a1a1b2ee144db202f0d9e9480dc15c3c8a71137ba23,10000,100,6742,6742,0,3258,1523,8265,0.6742,0.0,1.0,0.81572898,0.62505593,635,2623,535,100,0.0,0.0,0.0,0.0,0.0,1,200,100,,,,,,,,1688.0,2000,3,"[{""lag_requests"":752,""oracle_tail_opportunity_rate"":0.842,""phase"":""shift-1"",""recovered"":true,""requests"":2000,""tail_requests"":500,""target_valid_hit_rate"":0.7578,""window_requests"":200},{""lag_requests"":2000,""oracle_tail_opportunity_rate"":0.874,""phase"":""shift-2"",""recovered"":false,""requests"":2000,""tail_requests"":500,""target_valid_hit_rate"":0.7866,""window_requests"":200},{""lag_requests"":2000,""oracle_tail_opportunity_rate"":0.9,""phase"":""shift-3"",""recovered"":false,""requests"":2000,""tail_requests"":500,""target_valid_hit_rate"":0.81,""window_requests"":200},{""lag_requests"":2000,""oracle_tail_opportunity_rate"":0.906,""phase"":""shift-4"",""recovered"":false,""requests"":2000,""tail_requests"":500,""target_valid_hit_rate"":0.8154,""window_requests"":200}]"
primary_test,f63a2b52a45510f8,0.7,0.97,infinity,1.0,carma-benchmark-v2,5129c405401f9d875c58,CARMA_NO_DECAY,phase_shift,20260901,12f4d47c01772a0fbea40561b7785dc022dac42fad6f871b9f0faec3d52d9819,ae4c8d3f522ade2f18719e8c94dd9ceb83a341c97b6815de71b01442fe836802,10000,100,5955,5955,0,4045,2310,8265,0.5955,0.0,1.0,0.72050817,0.54017411,203,3842,103,100,0.0,0.0,0.0,0.0,0.0,6,200,100,,,,,,,,2000.0,2000,4,"[{""lag_requests"":2000,""oracle_tail_opportunity_rate"":0.842,""phase"":""shift-1"",""recovered"":false,""requests"":2000,""tail_requests"":500,""target_valid_hit_rate"":0.7578,""window_requests"":200},{""lag_requests"":2000,""oracle_tail_opportunity_rate"":0.874,""phase"":""shift-2"",""recovered"":false,""requests"":2000,""tail_requests"":500,""target_valid_hit_rate"":0.7866,""window_requests"":200},{""lag_requests"":2000,""oracle_tail_opportunity_rate"":0.9,""phase"":""shift-3"",""recovered"":false,""requests"":2000,""tail_requests"":500,""target_valid_hit_rate"":0.81,""window_requests"":200},{""lag_requests"":2000,""oracle_tail_opportunity_rate"":0.906,""phase"":""shift-4"",""recovered"":false,""requests"":2000,""tail_requests"":500,""target_valid_hit_rate"":0.8154,""window_requests"":200}]"
primary_test,2976a9153db4de63,0.7,0.97,500,1.0,carma-benchmark-v2,1253e4d640550e756173,CARMA_NO_QUOTA,phase_shift,20260901,12f4d47c01772a0fbea40561b7785dc022dac42fad6f871b9f0faec3d52d9819,cdd9b3c8a875f8086398987219a1e103deb529072731a58e527a9f3b281de29a,10000,100,6742,6742,0,3258,1523,8265,0.6742,0.0,1.0,0.81572898,0.62505593,635,2623,535,100,0.0,0.0,0.0,0.0,0.0,6,200,100,,,,,,,,1688.0,2000,3,"[{""lag_requests"":752,""oracle_tail_opportunity_rate"":0.842,""phase"":""shift-1"",""recovered"":true,""requests"":2000,""tail_requests"":500,""target_valid_hit_rate"":0.7578,""window_requests"":200},{""lag_requests"":2000,""oracle_tail_opportunity_rate"":0.874,""phase"":""shift-2"",""recovered"":false,""requests"":2000,""tail_requests"":500,""target_valid_hit_rate"":0.7866,""window_requests"":200},{""lag_requests"":2000,""oracle_tail_opportunity_rate"":0.9,""phase"":""shift-3"",""recovered"":false,""requests"":2000,""tail_requests"":500,""target_valid_hit_rate"":0.81,""window_requests"":200},{""lag_requests"":2000,""oracle_tail_opportunity_rate"":0.906,""phase"":""shift-4"",""recovered"":false,""requests"":2000,""tail_requests"":500,""target_valid_hit_rate"":0.8154,""window_requests"":200}]"
primary_test,2976a9153db4de63,0.7,0.97,500,1.0,carma-benchmark-v2,d00def2f9fb78eb1697c,LFU,phase_shift,20260901,12f4d47c01772a0fbea40561b7785dc022dac42fad6f871b9f0faec3d52d9819,d7fa6eb49b403b6178f521e42cffec52ec29ec7c43f3ce29e786307b1d263c8b,10000,100,5400,5400,0,4600,2865,8265,0.54,0.0,1.0,0.65335753,0.46005931,4600,0,4500,100,0.0,0.0,0.0,0.0,0.0,0,0,0,,,,,,,,2000.0,2000,4,"[{""lag_requests"":2000,""oracle_tail_opportunity_rate"":0.842,""phase"":""shift-1"",""recovered"":false,""requests"":2000,""tail_requests"":500,""target_valid_hit_rate"":0.7578,""window_requests"":200},{""lag_requests"":2000,""oracle_tail_opportunity_rate"":0.874,""phase"":""shift-2"",""recovered"":false,""requests"":2000,""tail_requests"":500,""target_valid_hit_rate"":0.7866,""window_requests"":200},{""lag_requests"":2000,""oracle_tail_opportunity_rate"":0.9,""phase"":""shift-3"",""recovered"":false,""requests"":2000,""tail_requests"":500,""target_valid_hit_rate"":0.81,""window_requests"":200},{""lag_requests"":2000,""oracle_tail_opportunity_rate"":0.906,""phase"":""shift-4"",""recovered"":false,""requests"":2000,""tail_requests"":500,""target_valid_hit_rate"":0.8154,""window_requests"":200}]"
primary_test,2976a9153db4de63,0.7,0.97,500,1.0,carma-benchmark-v2,2ea9fdb9f44fea37f387,LRU,phase_shift,20260901,12f4d47c01772a0fbea40561b7785dc022dac42fad6f871b9f0faec3d52d9819,92d7d00144268314980447a9f02d84352fb5e2a9cd36a60d4fa9dd2649f4bad9,10000,100,6267,6267,0,3733,1998,8265,0.6267,0.0,1.0,0.75825771,0.57400836,3733,0,3633,100,0.0,0.0,0.0,0.0,0.0,0,0,0,,,,,,,,2000.0,2000,4,"[{""lag_requests"":2000,""oracle_tail_opportunity_rate"":0.842,""phase"":""shift-1"",""recovered"":false,""requests"":2000,""tail_requests"":500,""target_valid_hit_rate"":0.7578,""window_requests"":200},{""lag_requests"":2000,""oracle_tail_opportunity_rate"":0.874,""phase"":""shift-2"",""recovered"":false,""requests"":2000,""tail_requests"":500,""target_valid_hit_rate"":0.7866,""window_requests"":200},{""lag_requests"":2000,""oracle_tail_opportunity_rate"":0.9,""phase"":""shift-3"",""recovered"":false,""requests"":2000,""tail_requests"":500,""target_valid_hit_rate"":0.81,""window_requests"":200},{""lag_requests"":2000,""oracle_tail_opportunity_rate"":0.906,""phase"":""shift-4"",""recovered"":false,""requests"":2000,""tail_requests"":500,""target_valid_hit_rate"":0.8154,""window_requests"":200}]"
primary_test,2976a9153db4de63,0.7,0.97,500,1.0,carma-benchmark-v2,60a6ce2b88143b77a435,CARMA,phase_shift,20260902,63228e686ce439ddfffb26b1f101ee07e9ade8c733bf6d57487b0c3c71b98e54,9abe31c9c2d717545dbb243791ca6655dd6cada4a01a78ca2c560de8e914c6b9,10000,100,6794,6794,0,3206,1506,8300,0.6794,0.0,1.0,0.81855422,0.63441635,640,2566,540,100,0.0,0.0,0.0,0.0,0.0,6,200,100,,,,,,,,2000.0,2000,4,"[{""lag_requests"":2000,""oracle_tail_opportunity_rate"":0.876,""phase"":""shift-1"",""recovered"":false,""requests"":2000,""tail_requests"":500,""target_valid_hit_rate"":0.7884,""window_requests"":200},{""lag_requests"":2000,""oracle_tail_opportunity_rate"":0.894,""phase"":""shift-2"",""recovered"":false,""requests"":2000,""tail_requests"":500,""target_valid_hit_rate"":0.8046,""window_requests"":200},{""lag_requests"":2000,""oracle_tail_opportunity_rate"":0.882,""phase"":""shift-3"",""recovered"":false,""requests"":2000,""tail_requests"":500,""target_valid_hit_rate"":0.7938,""window_requests"":200},{""lag_requests"":2000,""oracle_tail_opportunity_rate"":0.918,""phase"":""shift-4"",""recovered"":false,""requests"":2000,""tail_requests"":500,""target_valid_hit_rate"":0.8262,""window_requests"":200}]"
primary_test,2976a9153db4de63,0.7,0.97,500,1.0,carma-benchmark-v2,5b1d3569e25e9509214a,CARMA_NO_ADMISSION,phase_shift,20260902,63228e686ce439ddfffb26b1f101ee07e9ade8c733bf6d57487b0c3c71b98e54,5447b21f5766a64148c84b695ddc21988c70ef3a07ca07687ddd9e9c46103353,10000,100,6765,6765,0,3235,1535,8300,0.6765,0.0,1.0,0.81506024,0.63074332,3235,0,3135,100,0.0,0.0,0.0,0.0,0.0,6,200,100,,,,,,,,2000.0,2000,4,"[{""lag_requests"":2000,""oracle_tail_opportunity_rate"":0.876,""phase"":""shift-1"",""recovered"":false,""requests"":2000,""tail_requests"":500,""target_valid_hit_rate"":0.7884,""window_requests"":200},{""lag_requests"":2000,""oracle_tail_opportunity_rate"":0.894,""phase"":""shift-2"",""recovered"":false,""requests"":2000,""tail_requests"":500,""target_valid_hit_rate"":0.8046,""window_requests"":200},{""lag_requests"":2000,""oracle_tail_opportunity_rate"":0.882,""phase"":""shift-3"",""recovered"":false,""requests"":2000,""tail_requests"":500,""target_valid_hit_rate"":0.7938,""window_requests"":200},{""lag_requests"":2000,""oracle_tail_opportunity_rate"":0.918,""phase"":""shift-4"",""recovered"":false,""requests"":2000,""tail_requests"":500,""target_valid_hit_rate"":0.8262,""window_requests"":200}]"
primary_test,2976a9153db4de63,0.7,0.97,500,1.0,carma-benchmark-v2,bd013128ed1d69704b01,CARMA_NO_CLUSTER,phase_shift,20260902,63228e686ce439ddfffb26b1f101ee07e9ade8c733bf6d57487b0c3c71b98e54,2a54209a5757545ff0943041ddf666e60b010f4019fdc39541085890875eef5e,10000,100,6770,6770,0,3230,1530,8300,0.677,0.0,1.0,0.81566265,0.63206759,668,2562,568,100,0.0,0.0,0.0,0.0,0.0,1,200,100,,,,,,,,2000.0,2000,4,"[{""lag_requests"":2000,""oracle_tail_opportunity_rate"":0.876,""phase"":""shift-1"",""recovered"":false,""requests"":2000,""tail_requests"":500,""target_valid_hit_rate"":0.7884,""window_requests"":200},{""lag_requests"":2000,""oracle_tail_opportunity_rate"":0.894,""phase"":""shift-2"",""recovered"":false,""requests"":2000,""tail_requests"":500,""target_valid_hit_rate"":0.8046,""window_requests"":200},{""lag_requests"":2000,""oracle_tail_opportunity_rate"":0.882,""phase"":""shift-3"",""recovered"":false,""requests"":2000,""tail_requests"":500,""target_valid_hit_rate"":0.7938,""window_requests"":200},{""lag_requests"":2000,""oracle_tail_opportunity_rate"":0.918,""phase"":""shift-4"",""recovered"":false,""requests"":2000,""tail_requests"":500,""target_valid_hit_rate"":0.8262,""window_requests"":200}]"
primary_test,f63a2b52a45510f8,0.7,0.97,infinity,1.0,carma-benchmark-v2,ec6f1072747fa6705c63,CARMA_NO_DECAY,phase_shift,20260902,63228e686ce439ddfffb26b1f101ee07e9ade8c733bf6d57487b0c3c71b98e54,0f8aa546fb25aeb3056761a65ec58216faafa2bb37527441ed9ee15ad2bd9215,10000,100,6044,6044,0,3956,2256,8300,0.6044,0.0,1.0,0.72819277,0.55329385,210,3746,110,100,0.0,0.0,0.0,0.0,0.0,6,200,100,,,,,,,,2000.0,2000,4,"[{""lag_requests"":2000,""oracle_tail_opportunity_rate"":0.876,""phase"":""shift-1"",""recovered"":false,""requests"":2000,""tail_requests"":500,""target_valid_hit_rate"":0.7884,""window_requests"":200},{""lag_requests"":2000,""oracle_tail_opportunity_rate"":0.894,""phase"":""shift-2"",""recovered"":false,""requests"":2000,""tail_requests"":500,""target_valid_hit_rate"":0.8046,""window_requests"":200},{""lag_requests"":2000,""oracle_tail_opportunity_rate"":0.882,""phase"":""shift-3"",""recovered"":false,""requests"":2000,""tail_requests"":500,""target_valid_hit_rate"":0.7938,""window_requests"":200},{""lag_requests"":2000,""oracle_tail_opportunity_rate"":0.918,""phase"":""shift-4"",""recovered"":false,""requests"":2000,""tail_requests"":500,""target_valid_hit_rate"":0.8262,""window_requests"":200}]"
primary_test,2976a9153db4de63,0.7,0.97,500,1.0,carma-benchmark-v2,d5eb0cdf2f8ec34c45d1,CARMA_NO_QUOTA,phase_shift,20260902,63228e686ce439ddfffb26b1f101ee07e9ade8c733bf6d57487b0c3c71b98e54,386feaaf0232f11d30ca26df4f61d270533d73242ac8893db03bebef2bdde9a8,10000,100,6770,6770,0,3230,1530,8300,0.677,0.0,1.0,0.81566265,0.63206759,668,2562,568,100,0.0,0.0,0.0,0.0,0.0,6,200,100,,,,,,,,2000.0,2000,4,"[{""lag_requests"":2000,""oracle_tail_opportunity_rate"":0.876,""phase"":""shift-1"",""recovered"":false,""requests"":2000,""tail_requests"":500,""target_valid_hit_rate"":0.7884,""window_requests"":200},{""lag_requests"":2000,""oracle_tail_opportunity_rate"":0.894,""phase"":""shift-2"",""recovered"":false,""requests"":2000,""tail_requests"":500,""target_valid_hit_rate"":0.8046,""window_requests"":200},{""lag_requests"":2000,""oracle_tail_opportunity_rate"":0.882,""phase"":""shift-3"",""recovered"":false,""requests"":2000,""tail_requests"":500,""target_valid_hit_rate"":0.7938,""window_requests"":200},{""lag_requests"":2000,""oracle_tail_opportunity_rate"":0.918,""phase"":""shift-4"",""recovered"":false,""requests"":2000,""tail_requests"":500,""target_valid_hit_rate"":0.8262,""window_requests"":200}]"
primary_test,2976a9153db4de63,0.7,0.97,500,1.0,carma-benchmark-v2,fc0954a443a345fd3061,LFU,phase_shift,20260902,63228e686ce439ddfffb26b1f101ee07e9ade8c733bf6d57487b0c3c71b98e54,674c5b2daf5bda82f66c584c8463aaf8c69145cb992b6103bf586c0fd18974ec,10000,100,5095,5095,0,4905,3205,8300,0.5095,0.0,1.0,0.61385542,0.42208658,4905,0,4805,100,0.0,0.0,0.0,0.0,0.0,0,0,0,,,,,,,,2000.0,2000,4,"[{""lag_requests"":2000,""oracle_tail_opportunity_rate"":0.876,""phase"":""shift-1"",""recovered"":false,""requests"":2000,""tail_requests"":500,""target_valid_hit_rate"":0.7884,""window_requests"":200},{""lag_requests"":2000,""oracle_tail_opportunity_rate"":0.894,""phase"":""shift-2"",""recovered"":false,""requests"":2000,""tail_requests"":500,""target_valid_hit_rate"":0.8046,""window_requests"":200},{""lag_requests"":2000,""oracle_tail_opportunity_rate"":0.882,""phase"":""shift-3"",""recovered"":false,""requests"":2000,""tail_requests"":500,""target_valid_hit_rate"":0.7938,""window_requests"":200},{""lag_requests"":2000,""oracle_tail_opportunity_rate"":0.918,""phase"":""shift-4"",""recovered"":false,""requests"":2000,""tail_requests"":500,""target_valid_hit_rate"":0.8262,""window_requests"":200}]"
primary_test,2976a9153db4de63,0.7,0.97,500,1.0,carma-benchmark-v2,108fa47a299c7cc9eb2f,LRU,phase_shift,20260902,63228e686ce439ddfffb26b1f101ee07e9ade8c733bf6d57487b0c3c71b98e54,c5e5e7c793a445b7babbfa651ccdc674c1bafd0fefc3cfd0f3e169c06929868c,10000,100,6335,6335,0,3665,1965,8300,0.6335,0.0,1.0,0.76325301,0.58742603,3665,0,3565,100,0.0,0.0,0.0,0.0,0.0,0,0,0,,,,,,,,2000.0,2000,4,"[{""lag_requests"":2000,""oracle_tail_opportunity_rate"":0.876,""phase"":""shift-1"",""recovered"":false,""requests"":2000,""tail_requests"":500,""target_valid_hit_rate"":0.7884,""window_requests"":200},{""lag_requests"":2000,""oracle_tail_opportunity_rate"":0.894,""phase"":""shift-2"",""recovered"":false,""requests"":2000,""tail_requests"":500,""target_valid_hit_rate"":0.8046,""window_requests"":200},{""lag_requests"":2000,""oracle_tail_opportunity_rate"":0.882,""phase"":""shift-3"",""recovered"":false,""requests"":2000,""tail_requests"":500,""target_valid_hit_rate"":0.7938,""window_requests"":200},{""lag_requests"":2000,""oracle_tail_opportunity_rate"":0.918,""phase"":""shift-4"",""recovered"":false,""requests"":2000,""tail_requests"":500,""target_valid_hit_rate"":0.8262,""window_requests"":200}]"
primary_test,2976a9153db4de63,0.7,0.97,500,1.0,carma-benchmark-v2,739c48417c65a524b0ca,CARMA,phase_shift,20260903,0d49568f6f9573c105455f2750d2740c4b8c749d0f70bb5966a5a4b3a74c3ba0,6d78bbcf6a9162c30706dcb67a432f515748cfa0f77b5400987ba8db5c00d362,10000,100,6921,6921,0,3079,1384,8305,0.6921,0.0,1.0,0.8333534,0.64790061,566,2513,466,100,0.0,0.0,0.0,0.0,0.0,6,200,100,,,,,,,,1518.0,2000,2,"[{""lag_requests"":1113,""oracle_tail_opportunity_rate"":0.854,""phase"":""shift-1"",""recovered"":true,""requests"":2000,""tail_requests"":500,""target_valid_hit_rate"":0.7686,""window_requests"":200},{""lag_requests"":959,""oracle_tail_opportunity_rate"":0.85,""phase"":""shift-2"",""recovered"":true,""requests"":2000,""tail_requests"":500,""target_valid_hit_rate"":0.765,""window_requests"":200},{""lag_requests"":2000,""oracle_tail_opportunity_rate"":0.902,""phase"":""shift-3"",""recovered"":false,""requests"":2000,""tail_requests"":500,""target_valid_hit_rate"":0.8118,""window_requests"":200},{""lag_requests"":2000,""oracle_tail_opportunity_rate"":0.872,""phase"":""shift-4"",""recovered"":false,""requests"":2000,""tail_requests"":500,""target_valid_hit_rate"":0.7848,""window_requests"":200}]"
primary_test,2976a9153db4de63,0.7,0.97,500,1.0,carma-benchmark-v2,d3400f66aa53657c9974,CARMA_NO_ADMISSION,phase_shift,20260903,0d49568f6f9573c105455f2750d2740c4b8c749d0f70bb5966a5a4b3a74c3ba0,5005f387dcaaa9fcb77a65ff2cf2f1c1ef2fe3cc6632d1ea1f8ce487a5c78872,10000,100,6856,6856,0,3144,1449,8305,0.6856,0.0,1.0,0.82552679,0.63901794,3144,0,3044,100,0.0,0.0,0.0,0.0,0.0,6,200,100,,,,,,,,1603.75,2000,2,"[{""lag_requests"":1126,""oracle_tail_opportunity_rate"":0.854,""phase"":""shift-1"",""recovered"":true,""requests"":2000,""tail_requests"":500,""target_valid_hit_rate"":0.7686,""window_requests"":200},{""lag_requests"":1289,""oracle_tail_opportunity_rate"":0.85,""phase"":""shift-2"",""recovered"":true,""requests"":2000,""tail_requests"":500,""target_valid_hit_rate"":0.765,""window_requests"":200},{""lag_requests"":2000,""oracle_tail_opportunity_rate"":0.902,""phase"":""shift-3"",""recovered"":false,""requests"":2000,""tail_requests"":500,""target_valid_hit_rate"":0.8118,""window_requests"":200},{""lag_requests"":2000,""oracle_tail_opportunity_rate"":0.872,""phase"":""shift-4"",""recovered"":false,""requests"":2000,""tail_requests"":500,""target_valid_hit_rate"":0.7848,""window_requests"":200}]"
primary_test,2976a9153db4de63,0.7,0.97,500,1.0,carma-benchmark-v2,a8587980370167b86958,CARMA_NO_CLUSTER,phase_shift,20260903,0d49568f6f9573c105455f2750d2740c4b8c749d0f70bb5966a5a4b3a74c3ba0,d3ab09d7a0f7f28254f27aac0a1a08e2cd146e054c884593736efefc60f136ce,10000,100,6876,6876,0,3124,1429,8305,0.6876,0.0,1.0,0.82793498,0.64086534,594,2530,494,100,0.0,0.0,0.0,0.0,0.0,1,200,100,,,,,,,,1518.0,2000,2,"[{""lag_requests"":1121,""oracle_tail_opportunity_rate"":0.854,""phase"":""shift-1"",""recovered"":true,""requests"":2000,""tail_requests"":500,""target_valid_hit_rate"":0.7686,""window_requests"":200},{""lag_requests"":951,""oracle_tail_opportunity_rate"":0.85,""phase"":""shift-2"",""recovered"":true,""requests"":2000,""tail_requests"":500,""target_valid_hit_rate"":0.765,""window_requests"":200},{""lag_requests"":2000,""oracle_tail_opportunity_rate"":0.902,""phase"":""shift-3"",""recovered"":false,""requests"":2000,""tail_requests"":500,""target_valid_hit_rate"":0.8118,""window_requests"":200},{""lag_requests"":2000,""oracle_tail_opportunity_rate"":0.872,""phase"":""shift-4"",""recovered"":false,""requests"":2000,""tail_requests"":500,""target_valid_hit_rate"":0.7848,""window_requests"":200}]"
primary_test,f63a2b52a45510f8,0.7,0.97,infinity,1.0,carma-benchmark-v2,1dd4188977b666edf253,CARMA_NO_DECAY,phase_shift,20260903,0d49568f6f9573c105455f2750d2740c4b8c749d0f70bb5966a5a4b3a74c3ba0,12a312a8e40056bc3d02c5219e4e5d445a583fe4c4ac36cf9ddfb6066f7444df,10000,100,6031,6031,0,3969,2274,8305,0.6031,0.0,1.0,0.72618904,0.53512165,216,3753,116,100,0.0,0.0,0.0,0.0,0.0,6,200,100,,,,,,,,2000.0,2000,4,"[{""lag_requests"":2000,""oracle_tail_opportunity_rate"":0.854,""phase"":""shift-1"",""recovered"":false,""requests"":2000,""tail_requests"":500,""target_valid_hit_rate"":0.7686,""window_requests"":200},{""lag_requests"":2000,""oracle_tail_opportunity_rate"":0.85,""phase"":""shift-2"",""recovered"":false,""requests"":2000,""tail_requests"":500,""target_valid_hit_rate"":0.765,""window_requests"":200},{""lag_requests"":2000,""oracle_tail_opportunity_rate"":0.902,""phase"":""shift-3"",""recovered"":false,""requests"":2000,""tail_requests"":500,""target_valid_hit_rate"":0.8118,""window_requests"":200},{""lag_requests"":2000,""oracle_tail_opportunity_rate"":0.872,""phase"":""shift-4"",""recovered"":false,""requests"":2000,""tail_requests"":500,""target_valid_hit_rate"":0.7848,""window_requests"":200}]"
primary_test,2976a9153db4de63,0.7,0.97,500,1.0,carma-benchmark-v2,6592b0a7233f32af3be0,CARMA_NO_QUOTA,phase_shift,20260903,0d49568f6f9573c105455f2750d2740c4b8c749d0f70bb5966a5a4b3a74c3ba0,09f1d869897f1ded4721849c2746e8582d4fd5aa4b01fb2f0ee0098793348c41,10000,100,6876,6876,0,3124,1429,8305,0.6876,0.0,1.0,0.82793498,0.64086534,594,2530,494,100,0.0,0.0,0.0,0.0,0.0,6,200,100,,,,,,,,1518.0,2000,2,"[{""lag_requests"":1121,""oracle_tail_opportunity_rate"":0.854,""phase"":""shift-1"",""recovered"":true,""requests"":2000,""tail_requests"":500,""target_valid_hit_rate"":0.7686,""window_requests"":200},{""lag_requests"":951,""oracle_tail_opportunity_rate"":0.85,""phase"":""shift-2"",""recovered"":true,""requests"":2000,""tail_requests"":500,""target_valid_hit_rate"":0.765,""window_requests"":200},{""lag_requests"":2000,""oracle_tail_opportunity_rate"":0.902,""phase"":""shift-3"",""recovered"":false,""requests"":2000,""tail_requests"":500,""target_valid_hit_rate"":0.8118,""window_requests"":200},{""lag_requests"":2000,""oracle_tail_opportunity_rate"":0.872,""phase"":""shift-4"",""recovered"":false,""requests"":2000,""tail_requests"":500,""target_valid_hit_rate"":0.7848,""window_requests"":200}]"
primary_test,2976a9153db4de63,0.7,0.97,500,1.0,carma-benchmark-v2,5cb5ef4a724ff6048cec,LFU,phase_shift,20260903,0d49568f6f9573c105455f2750d2740c4b8c749d0f70bb5966a5a4b3a74c3ba0,02b0a759ea5f02e5fb09f255332c3b0be840140f80f8e7d34d1fa00af44178bf,10000,100,5234,5234,0,4766,3071,8305,0.5234,0.0,1.0,0.63022276,0.43612707,4766,0,4666,100,0.0,0.0,0.0,0.0,0.0,0,0,0,,,,,,,,2000.0,2000,4,"[{""lag_requests"":2000,""oracle_tail_opportunity_rate"":0.854,""phase"":""shift-1"",""recovered"":false,""requests"":2000,""tail_requests"":500,""target_valid_hit_rate"":0.7686,""window_requests"":200},{""lag_requests"":2000,""oracle_tail_opportunity_rate"":0.85,""phase"":""shift-2"",""recovered"":false,""requests"":2000,""tail_requests"":500,""target_valid_hit_rate"":0.765,""window_requests"":200},{""lag_requests"":2000,""oracle_tail_opportunity_rate"":0.902,""phase"":""shift-3"",""recovered"":false,""requests"":2000,""tail_requests"":500,""target_valid_hit_rate"":0.8118,""window_requests"":200},{""lag_requests"":2000,""oracle_tail_opportunity_rate"":0.872,""phase"":""shift-4"",""recovered"":false,""requests"":2000,""tail_requests"":500,""target_valid_hit_rate"":0.7848,""window_requests"":200}]"
primary_test,2976a9153db4de63,0.7,0.97,500,1.0,carma-benchmark-v2,294ae0b17d260efaf5ec,LRU,phase_shift,20260903,0d49568f6f9573c105455f2750d2740c4b8c749d0f70bb5966a5a4b3a74c3ba0,b726d485f4242fd3316420cc82767e42f437bef708a519d1577aed5467cc1a9b,10000,100,6415,6415,0,3585,1890,8305,0.6415,0.0,1.0,0.77242625,0.59286743,3585,0,3485,100,0.0,0.0,0.0,0.0,0.0,0,0,0,,,,,,,,2000.0,2000,4,"[{""lag_requests"":2000,""oracle_tail_opportunity_rate"":0.854,""phase"":""shift-1"",""recovered"":false,""requests"":2000,""tail_requests"":500,""target_valid_hit_rate"":0.7686,""window_requests"":200},{""lag_requests"":2000,""oracle_tail_opportunity_rate"":0.85,""phase"":""shift-2"",""recovered"":false,""requests"":2000,""tail_requests"":500,""target_valid_hit_rate"":0.765,""window_requests"":200},{""lag_requests"":2000,""oracle_tail_opportunity_rate"":0.902,""phase"":""shift-3"",""recovered"":false,""requests"":2000,""tail_requests"":500,""target_valid_hit_rate"":0.8118,""window_requests"":200},{""lag_requests"":2000,""oracle_tail_opportunity_rate"":0.872,""phase"":""shift-4"",""recovered"":false,""requests"":2000,""tail_requests"":500,""target_valid_hit_rate"":0.7848,""window_requests"":200}]"
primary_test,2976a9153db4de63,0.7,0.97,500,1.0,carma-benchmark-v2,b92e90fb5da5876146fe,CARMA,phase_shift,20260904,7bdfac164be1e5de8f9b7aff405178f34440dd325f2042cf3ef7bc2c2b350792,8b2df3d32cff89c7b28c9786fd91ee00dc5a8561683b50b64abac4fd79674658,10000,100,6733,6733,0,3267,1551,8284,0.6733,0.0,1.0,0.81277161,0.62570801,596,2671,496,100,0.0,0.0,0.0,0.0,0.0,6,200,100,,,,,,,,1552.5,2000,2,"[{""lag_requests"":1016,""oracle_tail_opportunity_rate"":0.846,""phase"":""shift-1"",""recovered"":true,""requests"":2000,""tail_requests"":500,""target_valid_hit_rate"":0.7614,""window_requests"":200},{""lag_requests"":2000,""oracle_tail_opportunity_rate"":0.886,""phase"":""shift-2"",""recovered"":false,""requests"":2000,""tail_requests"":500,""target_valid_hit_rate"":0.7974,""window_requests"":200},{""lag_requests"":2000,""oracle_tail_opportunity_rate"":0.904,""phase"":""shift-3"",""recovered"":false,""requests"":2000,""tail_requests"":500,""target_valid_hit_rate"":0.8136,""window_requests"":200},{""lag_requests"":1194,""oracle_tail_opportunity_rate"":0.884,""phase"":""shift-4"",""recovered"":true,""requests"":2000,""tail_requests"":500,""target_valid_hit_rate"":0.7956,""window_requests"":200}]"
primary_test,2976a9153db4de63,0.7,0.97,500,1.0,carma-benchmark-v2,eeaab5de5dbe9c19c501,CARMA_NO_ADMISSION,phase_shift,20260904,7bdfac164be1e5de8f9b7aff405178f34440dd325f2042cf3ef7bc2c2b350792,6cf95692acb89d62273985c1e2cf3a09f345278d478992f5a0108df4761e256b,10000,100,6704,6704,0,3296,1580,8284,0.6704,0.0,1.0,0.80927088,0.62143488,3296,0,3196,100,0.0,0.0,0.0,0.0,0.0,6,200,100,,,,,,,,1754.25,2000,3,"[{""lag_requests"":1017,""oracle_tail_opportunity_rate"":0.846,""phase"":""shift-1"",""recovered"":true,""requests"":2000,""tail_requests"":500,""target_valid_hit_rate"":0.7614,""window_requests"":200},{""lag_requests"":2000,""oracle_tail_opportunity_rate"":0.886,""phase"":""shift-2"",""recovered"":false,""requests"":2000,""tail_requests"":500,""target_valid_hit_rate"":0.7974,""window_requests"":200},{""lag_requests"":2000,""oracle_tail_opportunity_rate"":0.904,""phase"":""shift-3"",""recovered"":false,""requests"":2000,""tail_requests"":500,""target_valid_hit_rate"":0.8136,""window_requests"":200},{""lag_requests"":2000,""oracle_tail_opportunity_rate"":0.884,""phase"":""shift-4"",""recovered"":false,""requests"":2000,""tail_requests"":500,""target_valid_hit_rate"":0.7956,""window_requests"":200}]"
primary_test,2976a9153db4de63,0.7,0.97,500,1.0,carma-benchmark-v2,093751a6dec37fddfb41,CARMA_NO_CLUSTER,phase_shift,20260904,7bdfac164be1e5de8f9b7aff405178f34440dd325f2042cf3ef7bc2c2b350792,31404a037a54d7ec7b0f1f05442cbc004ef400f92ece470c115f45c90ec7e214,10000,100,6706,6706,0,3294,1578,8284,0.6706,0.0,1.0,0.80951231,0.62115986,623,2671,523,100,0.0,0.0,0.0,0.0,0.0,1,200,100,,,,,,,,1575.0,2000,2,"[{""lag_requests"":1104,""oracle_tail_opportunity_rate"":0.846,""phase"":""shift-1"",""recovered"":true,""requests"":2000,""tail_requests"":500,""target_valid_hit_rate"":0.7614,""window_requests"":200},{""lag_requests"":2000,""oracle_tail_opportunity_rate"":0.886,""phase"":""shift-2"",""recovered"":false,""requests"":2000,""tail_requests"":500,""target_valid_hit_rate"":0.7974,""window_requests"":200},{""lag_requests"":2000,""oracle_tail_opportunity_rate"":0.904,""phase"":""shift-3"",""recovered"":false,""requests"":2000,""tail_requests"":500,""target_valid_hit_rate"":0.8136,""window_requests"":200},{""lag_requests"":1196,""oracle_tail_opportunity_rate"":0.884,""phase"":""shift-4"",""recovered"":true,""requests"":2000,""tail_requests"":500,""target_valid_hit_rate"":0.7956,""window_requests"":200}]"
primary_test,f63a2b52a45510f8,0.7,0.97,infinity,1.0,carma-benchmark-v2,2091447d7b6b5ad6514e,CARMA_NO_DECAY,phase_shift,20260904,7bdfac164be1e5de8f9b7aff405178f34440dd325f2042cf3ef7bc2c2b350792,a58029a4c08a9a038d55c882ae9306c38d311e9e64b86a36706b4a2348652572,10000,100,5876,5876,0,4124,2408,8284,0.5876,0.0,1.0,0.70931917,0.52174433,219,3905,119,100,0.0,0.0,0.0,0.0,0.0,6,200,100,,,,,,,,2000.0,2000,4,"[{""lag_requests"":2000,""oracle_tail_opportunity_rate"":0.846,""phase"":""shift-1"",""recovered"":false,""requests"":2000,""tail_requests"":500,""target_valid_hit_rate"":0.7614,""window_requests"":200},{""lag_requests"":2000,""oracle_tail_opportunity_rate"":0.886,""phase"":""shift-2"",""recovered"":false,""requests"":2000,""tail_requests"":500,""target_valid_hit_rate"":0.7974,""window_requests"":200},{""lag_requests"":2000,""oracle_tail_opportunity_rate"":0.904,""phase"":""shift-3"",""recovered"":false,""requests"":2000,""tail_requests"":500,""target_valid_hit_rate"":0.8136,""window_requests"":200},{""lag_requests"":2000,""oracle_tail_opportunity_rate"":0.884,""phase"":""shift-4"",""recovered"":false,""requests"":2000,""tail_requests"":500,""target_valid_hit_rate"":0.7956,""window_requests"":200}]"
primary_test,2976a9153db4de63,0.7,0.97,500,1.0,carma-benchmark-v2,2e4b60b5a3b00339f155,CARMA_NO_QUOTA,phase_shift,20260904,7bdfac164be1e5de8f9b7aff405178f34440dd325f2042cf3ef7bc2c2b350792,5cb8dd6caf8a965e6f4721c5d4de4bbefa5ccc3009ea274ca21fa0f569a9e1c0,10000,100,6706,6706,0,3294,1578,8284,0.6706,0.0,1.0,0.80951231,0.62115986,623,2671,523,100,0.0,0.0,0.0,0.0,0.0,6,200,100,,,,,,,,1575.0,2000,2,"[{""lag_requests"":1104,""oracle_tail_opportunity_rate"":0.846,""phase"":""shift-1"",""recovered"":true,""requests"":2000,""tail_requests"":500,""target_valid_hit_rate"":0.7614,""window_requests"":200},{""lag_requests"":2000,""oracle_tail_opportunity_rate"":0.886,""phase"":""shift-2"",""recovered"":false,""requests"":2000,""tail_requests"":500,""target_valid_hit_rate"":0.7974,""window_requests"":200},{""lag_requests"":2000,""oracle_tail_opportunity_rate"":0.904,""phase"":""shift-3"",""recovered"":false,""requests"":2000,""tail_requests"":500,""target_valid_hit_rate"":0.8136,""window_requests"":200},{""lag_requests"":1196,""oracle_tail_opportunity_rate"":0.884,""phase"":""shift-4"",""recovered"":true,""requests"":2000,""tail_requests"":500,""target_valid_hit_rate"":0.7956,""window_requests"":200}]"
primary_test,2976a9153db4de63,0.7,0.97,500,1.0,carma-benchmark-v2,bb9a1b6faba1e1895bd9,LFU,phase_shift,20260904,7bdfac164be1e5de8f9b7aff405178f34440dd325f2042cf3ef7bc2c2b350792,838b1d11377de7a4194f7416f68a331b2e442d3b7226d590b95eaf6fc3f16681,10000,100,5074,5074,0,4926,3210,8284,0.5074,0.0,1.0,0.61250604,0.41408094,4926,0,4826,100,0.0,0.0,0.0,0.0,0.0,0,0,0,,,,,,,,2000.0,2000,4,"[{""lag_requests"":2000,""oracle_tail_opportunity_rate"":0.846,""phase"":""shift-1"",""recovered"":false,""requests"":2000,""tail_requests"":500,""target_valid_hit_rate"":0.7614,""window_requests"":200},{""lag_requests"":2000,""oracle_tail_opportunity_rate"":0.886,""phase"":""shift-2"",""recovered"":false,""requests"":2000,""tail_requests"":500,""target_valid_hit_rate"":0.7974,""window_requests"":200},{""lag_requests"":2000,""oracle_tail_opportunity_rate"":0.904,""phase"":""shift-3"",""recovered"":false,""requests"":2000,""tail_requests"":500,""target_valid_hit_rate"":0.8136,""window_requests"":200},{""lag_requests"":2000,""oracle_tail_opportunity_rate"":0.884,""phase"":""shift-4"",""recovered"":false,""requests"":2000,""tail_requests"":500,""target_valid_hit_rate"":0.7956,""window_requests"":200}]"
primary_test,2976a9153db4de63,0.7,0.97,500,1.0,carma-benchmark-v2,7f0c39977263ed1236ce,LRU,phase_shift,20260904,7bdfac164be1e5de8f9b7aff405178f34440dd325f2042cf3ef7bc2c2b350792,8da2a3967257287035cfede705bc02d475f5b374a50e76f53a7f09008934f58d,10000,100,6252,6252,0,3748,2032,8284,0.6252,0.0,1.0,0.75470787,0.57254713,3748,0,3648,100,0.0,0.0,0.0,0.0,0.0,0,0,0,,,,,,,,2000.0,2000,4,"[{""lag_requests"":2000,""oracle_tail_opportunity_rate"":0.846,""phase"":""shift-1"",""recovered"":false,""requests"":2000,""tail_requests"":500,""target_valid_hit_rate"":0.7614,""window_requests"":200},{""lag_requests"":2000,""oracle_tail_opportunity_rate"":0.886,""phase"":""shift-2"",""recovered"":false,""requests"":2000,""tail_requests"":500,""target_valid_hit_rate"":0.7974,""window_requests"":200},{""lag_requests"":2000,""oracle_tail_opportunity_rate"":0.904,""phase"":""shift-3"",""recovered"":false,""requests"":2000,""tail_requests"":500,""target_valid_hit_rate"":0.8136,""window_requests"":200},{""lag_requests"":2000,""oracle_tail_opportunity_rate"":0.884,""phase"":""shift-4"",""recovered"":false,""requests"":2000,""tail_requests"":500,""target_valid_hit_rate"":0.7956,""window_requests"":200}]"
primary_test,2976a9153db4de63,0.7,0.97,500,1.0,carma-benchmark-v2,0c7c0f0d1eb76adba48b,CARMA,phase_shift,20260905,38939b8efe91a6e78fe85b80e78b662885812ccb1cb551e310db83bc3a9eba89,d889da0be4e8bb0940806e126c58b80060a51c2f826f31c2af4cf858ced9786e,10000,100,6804,6804,0,3196,1463,8267,0.6804,0.0,1.0,0.82303133,0.62920626,614,2582,514,100,0.0,0.0,0.0,0.0,0.0,6,200,100,,,,,,,,2000.0,2000,4,"[{""lag_requests"":2000,""oracle_tail_opportunity_rate"":0.88,""phase"":""shift-1"",""recovered"":false,""requests"":2000,""tail_requests"":500,""target_valid_hit_rate"":0.792,""window_requests"":200},{""lag_requests"":2000,""oracle_tail_opportunity_rate"":0.854,""phase"":""shift-2"",""recovered"":false,""requests"":2000,""tail_requests"":500,""target_valid_hit_rate"":0.7686,""window_requests"":200},{""lag_requests"":2000,""oracle_tail_opportunity_rate"":0.868,""phase"":""shift-3"",""recovered"":false,""requests"":2000,""tail_requests"":500,""target_valid_hit_rate"":0.7812,""window_requests"":200},{""lag_requests"":2000,""oracle_tail_opportunity_rate"":0.894,""phase"":""shift-4"",""recovered"":false,""requests"":2000,""tail_requests"":500,""target_valid_hit_rate"":0.8046,""window_requests"":200}]"
primary_test,2976a9153db4de63,0.7,0.97,500,1.0,carma-benchmark-v2,8a5e6154389b204b7e18,CARMA_NO_ADMISSION,phase_shift,20260905,38939b8efe91a6e78fe85b80e78b662885812ccb1cb551e310db83bc3a9eba89,7082157f2148bd8751433f0b4f01138a03e164fabb66e85ac2ffe74eb890d961,10000,100,6766,6766,0,3234,1501,8267,0.6766,0.0,1.0,0.81843474,0.62510775,3234,0,3134,100,0.0,0.0,0.0,0.0,0.0,6,200,100,,,,,,,,2000.0,2000,4,"[{""lag_requests"":2000,""oracle_tail_opportunity_rate"":0.88,""phase"":""shift-1"",""recovered"":false,""requests"":2000,""tail_requests"":500,""target_valid_hit_rate"":0.792,""window_requests"":200},{""lag_requests"":2000,""oracle_tail_opportunity_rate"":0.854,""phase"":""shift-2"",""recovered"":false,""requests"":2000,""tail_requests"":500,""target_valid_hit_rate"":0.7686,""window_requests"":200},{""lag_requests"":2000,""oracle_tail_opportunity_rate"":0.868,""phase"":""shift-3"",""recovered"":false,""requests"":2000,""tail_requests"":500,""target_valid_hit_rate"":0.7812,""window_requests"":200},{""lag_requests"":2000,""oracle_tail_opportunity_rate"":0.894,""phase"":""shift-4"",""recovered"":false,""requests"":2000,""tail_requests"":500,""target_valid_hit_rate"":0.8046,""window_requests"":200}]"
primary_test,2976a9153db4de63,0.7,0.97,500,1.0,carma-benchmark-v2,c44530458fe3badb0b54,CARMA_NO_CLUSTER,phase_shift,20260905,38939b8efe91a6e78fe85b80e78b662885812ccb1cb551e310db83bc3a9eba89,7ddcd44a1aa87050af6261f1e8658319a2211d1c18f1146f03dac933bb3072cd,10000,100,6764,6764,0,3236,1503,8267,0.6764,0.0,1.0,0.81819281,0.62488387,631,2605,531,100,0.0,0.0,0.0,0.0,0.0,1,200,100,,,,,,,,2000.0,2000,4,"[{""lag_requests"":2000,""oracle_tail_opportunity_rate"":0.88,""phase"":""shift-1"",""recovered"":false,""requests"":2000,""tail_requests"":500,""target_valid_hit_rate"":0.792,""window_requests"":200},{""lag_requests"":2000,""oracle_tail_opportunity_rate"":0.854,""phase"":""shift-2"",""recovered"":false,""requests"":2000,""tail_requests"":500,""target_valid_hit_rate"":0.7686,""window_requests"":200},{""lag_requests"":2000,""oracle_tail_opportunity_rate"":0.868,""phase"":""shift-3"",""recovered"":false,""requests"":2000,""tail_requests"":500,""target_valid_hit_rate"":0.7812,""window_requests"":200},{""lag_requests"":2000,""oracle_tail_opportunity_rate"":0.894,""phase"":""shift-4"",""recovered"":false,""requests"":2000,""tail_requests"":500,""target_valid_hit_rate"":0.8046,""window_requests"":200}]"
primary_test,f63a2b52a45510f8,0.7,0.97,infinity,1.0,carma-benchmark-v2,99515bd6a19ac3853a23,CARMA_NO_DECAY,phase_shift,20260905,38939b8efe91a6e78fe85b80e78b662885812ccb1cb551e310db83bc3a9eba89,48d93d2f6f3b947b2975e5ca7111c86d78eec22de66c9cd29d2affb7c53f2d4e,10000,100,6034,6034,0,3966,2233,8267,0.6034,0.0,1.0,0.72988992,0.53246863,207,3759,107,100,0.0,0.0,0.0,0.0,0.0,6,200,100,,,,,,,,2000.0,2000,4,"[{""lag_requests"":2000,""oracle_tail_opportunity_rate"":0.88,""phase"":""shift-1"",""recovered"":false,""requests"":2000,""tail_requests"":500,""target_valid_hit_rate"":0.792,""window_requests"":200},{""lag_requests"":2000,""oracle_tail_opportunity_rate"":0.854,""phase"":""shift-2"",""recovered"":false,""requests"":2000,""tail_requests"":500,""target_valid_hit_rate"":0.7686,""window_requests"":200},{""lag_requests"":2000,""oracle_tail_opportunity_rate"":0.868,""phase"":""shift-3"",""recovered"":false,""requests"":2000,""tail_requests"":500,""target_valid_hit_rate"":0.7812,""window_requests"":200},{""lag_requests"":2000,""oracle_tail_opportunity_rate"":0.894,""phase"":""shift-4"",""recovered"":false,""requests"":2000,""tail_requests"":500,""target_valid_hit_rate"":0.8046,""window_requests"":200}]"
primary_test,2976a9153db4de63,0.7,0.97,500,1.0,carma-benchmark-v2,0f352226f3cece6b3a28,CARMA_NO_QUOTA,phase_shift,20260905,38939b8efe91a6e78fe85b80e78b662885812ccb1cb551e310db83bc3a9eba89,d0407e57a5ae196b05b0f28fde8f95e61a490fd67474e0ec4dc8428a9b6a3056,10000,100,6764,6764,0,3236,1503,8267,0.6764,0.0,1.0,0.81819281,0.62488387,631,2605,531,100,0.0,0.0,0.0,0.0,0.0,6,200,100,,,,,,,,2000.0,2000,4,"[{""lag_requests"":2000,""oracle_tail_opportunity_rate"":0.88,""phase"":""shift-1"",""recovered"":false,""requests"":2000,""tail_requests"":500,""target_valid_hit_rate"":0.792,""window_requests"":200},{""lag_requests"":2000,""oracle_tail_opportunity_rate"":0.854,""phase"":""shift-2"",""recovered"":false,""requests"":2000,""tail_requests"":500,""target_valid_hit_rate"":0.7686,""window_requests"":200},{""lag_requests"":2000,""oracle_tail_opportunity_rate"":0.868,""phase"":""shift-3"",""recovered"":false,""requests"":2000,""tail_requests"":500,""target_valid_hit_rate"":0.7812,""window_requests"":200},{""lag_requests"":2000,""oracle_tail_opportunity_rate"":0.894,""phase"":""shift-4"",""recovered"":false,""requests"":2000,""tail_requests"":500,""target_valid_hit_rate"":0.8046,""window_requests"":200}]"
primary_test,2976a9153db4de63,0.7,0.97,500,1.0,carma-benchmark-v2,749c4ba4fc17198f84b2,LFU,phase_shift,20260905,38939b8efe91a6e78fe85b80e78b662885812ccb1cb551e310db83bc3a9eba89,4351898b212905435d54b062b310f8df7e2b4ca32545bb2a8dda439d77af0028,10000,100,5459,5459,0,4541,2808,8267,0.5459,0.0,1.0,0.66033628,0.46176008,4541,0,4441,100,0.0,0.0,0.0,0.0,0.0,0,0,0,,,,,,,,2000.0,2000,4,"[{""lag_requests"":2000,""oracle_tail_opportunity_rate"":0.88,""phase"":""shift-1"",""recovered"":false,""requests"":2000,""tail_requests"":500,""target_valid_hit_rate"":0.792,""window_requests"":200},{""lag_requests"":2000,""oracle_tail_opportunity_rate"":0.854,""phase"":""shift-2"",""recovered"":false,""requests"":2000,""tail_requests"":500,""target_valid_hit_rate"":0.7686,""window_requests"":200},{""lag_requests"":2000,""oracle_tail_opportunity_rate"":0.868,""phase"":""shift-3"",""recovered"":false,""requests"":2000,""tail_requests"":500,""target_valid_hit_rate"":0.7812,""window_requests"":200},{""lag_requests"":2000,""oracle_tail_opportunity_rate"":0.894,""phase"":""shift-4"",""recovered"":false,""requests"":2000,""tail_requests"":500,""target_valid_hit_rate"":0.8046,""window_requests"":200}]"
primary_test,2976a9153db4de63,0.7,0.97,500,1.0,carma-benchmark-v2,5501b541b65d2cd2273a,LRU,phase_shift,20260905,38939b8efe91a6e78fe85b80e78b662885812ccb1cb551e310db83bc3a9eba89,5cabb48e75edd5b9b582258a2e3cfbbe1a746ad908dc1e9ea40f7a6d6dc8a2a9,10000,100,6267,6267,0,3733,2000,8267,0.6267,0.0,1.0,0.75807427,0.57377824,3733,0,3633,100,0.0,0.0,0.0,0.0,0.0,0,0,0,,,,,,,,2000.0,2000,4,"[{""lag_requests"":2000,""oracle_tail_opportunity_rate"":0.88,""phase"":""shift-1"",""recovered"":false,""requests"":2000,""tail_requests"":500,""target_valid_hit_rate"":0.792,""window_requests"":200},{""lag_requests"":2000,""oracle_tail_opportunity_rate"":0.854,""phase"":""shift-2"",""recovered"":false,""requests"":2000,""tail_requests"":500,""target_valid_hit_rate"":0.7686,""window_requests"":200},{""lag_requests"":2000,""oracle_tail_opportunity_rate"":0.868,""phase"":""shift-3"",""recovered"":false,""requests"":2000,""tail_requests"":500,""target_valid_hit_rate"":0.7812,""window_requests"":200},{""lag_requests"":2000,""oracle_tail_opportunity_rate"":0.894,""phase"":""shift-4"",""recovered"":false,""requests"":2000,""tail_requests"":500,""target_valid_hit_rate"":0.8046,""window_requests"":200}]"
primary_test,2976a9153db4de63,0.7,0.97,500,1.0,carma-benchmark-v2,62eed775172b53d64571,CARMA,phase_shift,20260906,74633b58c2a8bf4eeee10b82cd5f3643de2344eaf33bbc9d6239a6fc2201b423,f8c53cdc6871041f379700c7682caaa68cce51db0c26d4d325515e150acd0e2f,10000,100,6880,6880,0,3120,1429,8309,0.688,0.0,1.0,0.82801781,0.64479181,603,2517,503,100,0.0,0.0,0.0,0.0,0.0,6,200,100,,,,,,,,1596.25,2000,3,"[{""lag_requests"":2000,""oracle_tail_opportunity_rate"":0.862,""phase"":""shift-1"",""recovered"":false,""requests"":2000,""tail_requests"":500,""target_valid_hit_rate"":0.7758,""window_requests"":200},{""lag_requests"":2000,""oracle_tail_opportunity_rate"":0.868,""phase"":""shift-2"",""recovered"":false,""requests"":2000,""tail_requests"":500,""target_valid_hit_rate"":0.7812,""window_requests"":200},{""lag_requests"":2000,""oracle_tail_opportunity_rate"":0.878,""phase"":""shift-3"",""recovered"":false,""requests"":2000,""tail_requests"":500,""target_valid_hit_rate"":0.7902,""window_requests"":200},{""lag_requests"":385,""oracle_tail_opportunity_rate"":0.896,""phase"":""shift-4"",""recovered"":true,""requests"":2000,""tail_requests"":500,""target_valid_hit_rate"":0.8064,""window_requests"":200}]"
primary_test,2976a9153db4de63,0.7,0.97,500,1.0,carma-benchmark-v2,c3ac94de829d012ed58e,CARMA_NO_ADMISSION,phase_shift,20260906,74633b58c2a8bf4eeee10b82cd5f3643de2344eaf33bbc9d6239a6fc2201b423,3684bf604c0ecb21619bcbf680d5c03041c423af95096c44cd9647fc19ee6556,10000,100,6857,6857,0,3143,1452,8309,0.6857,0.0,1.0,0.82524973,0.64091446,3143,0,3043,100,0.0,0.0,0.0,0.0,0.0,6,200,100,,,,,,,,1911.0,2000,3,"[{""lag_requests"":2000,""oracle_tail_opportunity_rate"":0.862,""phase"":""shift-1"",""recovered"":false,""requests"":2000,""tail_requests"":500,""target_valid_hit_rate"":0.7758,""window_requests"":200},{""lag_requests"":2000,""oracle_tail_opportunity_rate"":0.868,""phase"":""shift-2"",""recovered"":false,""requests"":2000,""tail_requests"":500,""target_valid_hit_rate"":0.7812,""window_requests"":200},{""lag_requests"":2000,""oracle_tail_opportunity_rate"":0.878,""phase"":""shift-3"",""recovered"":false,""requests"":2000,""tail_requests"":500,""target_valid_hit_rate"":0.7902,""window_requests"":200},{""lag_requests"":1644,""oracle_tail_opportunity_rate"":0.896,""phase"":""shift-4"",""recovered"":true,""requests"":2000,""tail_requests"":500,""target_valid_hit_rate"":0.8064,""window_requests"":200}]"
primary_test,2976a9153db4de63,0.7,0.97,500,1.0,carma-benchmark-v2,cf4dcd0179b243fa34d2,CARMA_NO_CLUSTER,phase_shift,20260906,74633b58c2a8bf4eeee10b82cd5f3643de2344eaf33bbc9d6239a6fc2201b423,16172b91d9540b4228509c088334a64c0c578bbbf3a2b5c47ada3699bec879fe,10000,100,6837,6837,0,3163,1472,8309,0.6837,0.0,1.0,0.8228427,0.63831589,640,2523,540,100,0.0,0.0,0.0,0.0,0.0,1,200,100,,,,,,,,1844.0,2000,2,"[{""lag_requests"":1767,""oracle_tail_opportunity_rate"":0.862,""phase"":""shift-1"",""recovered"":true,""requests"":2000,""tail_requests"":500,""target_valid_hit_rate"":0.7758,""window_requests"":200},{""lag_requests"":2000,""oracle_tail_opportunity_rate"":0.868,""phase"":""shift-2"",""recovered"":false,""requests"":2000,""tail_requests"":500,""target_valid_hit_rate"":0.7812,""window_requests"":200},{""lag_requests"":2000,""oracle_tail_opportunity_rate"":0.878,""phase"":""shift-3"",""recovered"":false,""requests"":2000,""tail_requests"":500,""target_valid_hit_rate"":0.7902,""window_requests"":200},{""lag_requests"":1609,""oracle_tail_opportunity_rate"":0.896,""phase"":""shift-4"",""recovered"":true,""requests"":2000,""tail_requests"":500,""target_valid_hit_rate"":0.8064,""window_requests"":200}]"
primary_test,f63a2b52a45510f8,0.7,0.97,infinity,1.0,carma-benchmark-v2,0a775c0a5e75fef552f5,CARMA_NO_DECAY,phase_shift,20260906,74633b58c2a8bf4eeee10b82cd5f3643de2344eaf33bbc9d6239a6fc2201b423,28f9a1c98c684e7473f0434228cdd9add7390596cd5b231d5e0396660100006b,10000,100,6093,6093,0,3907,2216,8309,0.6093,0.0,1.0,0.73330124,0.54829658,222,3685,122,100,0.0,0.0,0.0,0.0,0.0,6,200,100,,,,,,,,2000.0,2000,4,"[{""lag_requests"":2000,""oracle_tail_opportunity_rate"":0.862,""phase"":""shift-1"",""recovered"":false,""requests"":2000,""tail_requests"":500,""target_valid_hit_rate"":0.7758,""window_requests"":200},{""lag_requests"":2000,""oracle_tail_opportunity_rate"":0.868,""phase"":""shift-2"",""recovered"":false,""requests"":2000,""tail_requests"":500,""target_valid_hit_rate"":0.7812,""window_requests"":200},{""lag_requests"":2000,""oracle_tail_opportunity_rate"":0.878,""phase"":""shift-3"",""recovered"":false,""requests"":2000,""tail_requests"":500,""target_valid_hit_rate"":0.7902,""window_requests"":200},{""lag_requests"":2000,""oracle_tail_opportunity_rate"":0.896,""phase"":""shift-4"",""recovered"":false,""requests"":2000,""tail_requests"":500,""target_valid_hit_rate"":0.8064,""window_requests"":200}]"
primary_test,2976a9153db4de63,0.7,0.97,500,1.0,carma-benchmark-v2,487d50cb6ae7c56ca144,CARMA_NO_QUOTA,phase_shift,20260906,74633b58c2a8bf4eeee10b82cd5f3643de2344eaf33bbc9d6239a6fc2201b423,32b2d8192a991ba2bcdb40bbd7979554a0732742b7243b0f408ed357fb0dbe5b,10000,100,6837,6837,0,3163,1472,8309,0.6837,0.0,1.0,0.8228427,0.63831589,640,2523,540,100,0.0,0.0,0.0,0.0,0.0,6,200,100,,,,,,,,1844.0,2000,2,"[{""lag_requests"":1767,""oracle_tail_opportunity_rate"":0.862,""phase"":""shift-1"",""recovered"":true,""requests"":2000,""tail_requests"":500,""target_valid_hit_rate"":0.7758,""window_requests"":200},{""lag_requests"":2000,""oracle_tail_opportunity_rate"":0.868,""phase"":""shift-2"",""recovered"":false,""requests"":2000,""tail_requests"":500,""target_valid_hit_rate"":0.7812,""window_requests"":200},{""lag_requests"":2000,""oracle_tail_opportunity_rate"":0.878,""phase"":""shift-3"",""recovered"":false,""requests"":2000,""tail_requests"":500,""target_valid_hit_rate"":0.7902,""window_requests"":200},{""lag_requests"":1609,""oracle_tail_opportunity_rate"":0.896,""phase"":""shift-4"",""recovered"":true,""requests"":2000,""tail_requests"":500,""target_valid_hit_rate"":0.8064,""window_requests"":200}]"
primary_test,2976a9153db4de63,0.7,0.97,500,1.0,carma-benchmark-v2,d02d66c4fbea0db18ebc,LFU,phase_shift,20260906,74633b58c2a8bf4eeee10b82cd5f3643de2344eaf33bbc9d6239a6fc2201b423,5e27fadd4834f4f805c6b3cfc6308e3a38d1d3441345405a87a815c6bde18606,10000,100,5389,5389,0,4611,2920,8309,0.5389,0.0,1.0,0.64857384,0.45939368,4611,0,4511,100,0.0,0.0,0.0,0.0,0.0,0,0,0,,,,,,,,2000.0,2000,4,"[{""lag_requests"":2000,""oracle_tail_opportunity_rate"":0.862,""phase"":""shift-1"",""recovered"":false,""requests"":2000,""tail_requests"":500,""target_valid_hit_rate"":0.7758,""window_requests"":200},{""lag_requests"":2000,""oracle_tail_opportunity_rate"":0.868,""phase"":""shift-2"",""recovered"":false,""requests"":2000,""tail_requests"":500,""target_valid_hit_rate"":0.7812,""window_requests"":200},{""lag_requests"":2000,""oracle_tail_opportunity_rate"":0.878,""phase"":""shift-3"",""recovered"":false,""requests"":2000,""tail_requests"":500,""target_valid_hit_rate"":0.7902,""window_requests"":200},{""lag_requests"":2000,""oracle_tail_opportunity_rate"":0.896,""phase"":""shift-4"",""recovered"":false,""requests"":2000,""tail_requests"":500,""target_valid_hit_rate"":0.8064,""window_requests"":200}]"
primary_test,2976a9153db4de63,0.7,0.97,500,1.0,carma-benchmark-v2,3734ea62619e62e7a707,LRU,phase_shift,20260906,74633b58c2a8bf4eeee10b82cd5f3643de2344eaf33bbc9d6239a6fc2201b423,1d06a498266c4cde2168b396baf66f46ab35f03f1d3d6bb4bef0bfe7eb9aa5d8,10000,100,6363,6363,0,3637,1946,8309,0.6363,0.0,1.0,0.76579612,0.58874221,3637,0,3537,100,0.0,0.0,0.0,0.0,0.0,0,0,0,,,,,,,,2000.0,2000,4,"[{""lag_requests"":2000,""oracle_tail_opportunity_rate"":0.862,""phase"":""shift-1"",""recovered"":false,""requests"":2000,""tail_requests"":500,""target_valid_hit_rate"":0.7758,""window_requests"":200},{""lag_requests"":2000,""oracle_tail_opportunity_rate"":0.868,""phase"":""shift-2"",""recovered"":false,""requests"":2000,""tail_requests"":500,""target_valid_hit_rate"":0.7812,""window_requests"":200},{""lag_requests"":2000,""oracle_tail_opportunity_rate"":0.878,""phase"":""shift-3"",""recovered"":false,""requests"":2000,""tail_requests"":500,""target_valid_hit_rate"":0.7902,""window_requests"":200},{""lag_requests"":2000,""oracle_tail_opportunity_rate"":0.896,""phase"":""shift-4"",""recovered"":false,""requests"":2000,""tail_requests"":500,""target_valid_hit_rate"":0.8064,""window_requests"":200}]"
primary_test,2976a9153db4de63,0.7,0.97,500,1.0,carma-benchmark-v2,1af672eb53edfaebab2e,CARMA,phase_shift,20260907,253c0c4443da1b4c95fdc136c445af604c1a64b49abd24f2eb27a2d0e37db1b0,533fdec619c26399ee2c0a1c318e7c0af5bdbffa18b15bc135ae5345ea14b01b,10000,100,6793,6793,0,3207,1443,8236,0.6793,0.0,1.0,0.82479359,0.62910602,594,2613,494,100,0.0,0.0,0.0,0.0,0.0,6,200,100,,,,,,,,2000.0,2000,4,"[{""lag_requests"":2000,""oracle_tail_opportunity_rate"":0.854,""phase"":""shift-1"",""recovered"":false,""requests"":2000,""tail_requests"":500,""target_valid_hit_rate"":0.7686,""window_requests"":200},{""lag_requests"":2000,""oracle_tail_opportunity_rate"":0.864,""phase"":""shift-2"",""recovered"":false,""requests"":2000,""tail_requests"":500,""target_valid_hit_rate"":0.7776,""window_requests"":200},{""lag_requests"":2000,""oracle_tail_opportunity_rate"":0.89,""phase"":""shift-3"",""recovered"":false,""requests"":2000,""tail_requests"":500,""target_valid_hit_rate"":0.801,""window_requests"":200},{""lag_requests"":2000,""oracle_tail_opportunity_rate"":0.898,""phase"":""shift-4"",""recovered"":false,""requests"":2000,""tail_requests"":500,""target_valid_hit_rate"":0.8082,""window_requests"":200}]"
primary_test,2976a9153db4de63,0.7,0.97,500,1.0,carma-benchmark-v2,4ae290d45ab9427a6de2,CARMA_NO_ADMISSION,phase_shift,20260907,253c0c4443da1b4c95fdc136c445af604c1a64b49abd24f2eb27a2d0e37db1b0,ad6704c63e0796866ec54fa82cd7497e3507fdef5a94a0336274bd4402820306,10000,100,6728,6728,0,3272,1508,8236,0.6728,0.0,1.0,0.81690141,0.62063255,3272,0,3172,100,0.0,0.0,0.0,0.0,0.0,6,200,100,,,,,,,,2000.0,2000,4,"[{""lag_requests"":2000,""oracle_tail_opportunity_rate"":0.854,""phase"":""shift-1"",""recovered"":false,""requests"":2000,""tail_requests"":500,""target_valid_hit_rate"":0.7686,""window_requests"":200},{""lag_requests"":2000,""oracle_tail_opportunity_rate"":0.864,""phase"":""shift-2"",""recovered"":false,""requests"":2000,""tail_requests"":500,""target_valid_hit_rate"":0.7776,""window_requests"":200},{""lag_requests"":2000,""oracle_tail_opportunity_rate"":0.89,""phase"":""shift-3"",""recovered"":false,""requests"":2000,""tail_requests"":500,""target_valid_hit_rate"":0.801,""window_requests"":200},{""lag_requests"":2000,""oracle_tail_opportunity_rate"":0.898,""phase"":""shift-4"",""recovered"":false,""requests"":2000,""tail_requests"":500,""target_valid_hit_rate"":0.8082,""window_requests"":200}]"
primary_test,2976a9153db4de63,0.7,0.97,500,1.0,carma-benchmark-v2,fc79f8441137e56aaedb,CARMA_NO_CLUSTER,phase_shift,20260907,253c0c4443da1b4c95fdc136c445af604c1a64b49abd24f2eb27a2d0e37db1b0,1f464c2229144f703b9783cf1ce584e651bdb00165adc7caff54a8b83c473e27,10000,100,6758,6758,0,3242,1478,8236,0.6758,0.0,1.0,0.82054395,0.62390843,596,2646,496,100,0.0,0.0,0.0,0.0,0.0,1,200,100,,,,,,,,2000.0,2000,4,"[{""lag_requests"":2000,""oracle_tail_opportunity_rate"":0.854,""phase"":""shift-1"",""recovered"":false,""requests"":2000,""tail_requests"":500,""target_valid_hit_rate"":0.7686,""window_requests"":200},{""lag_requests"":2000,""oracle_tail_opportunity_rate"":0.864,""phase"":""shift-2"",""recovered"":false,""requests"":2000,""tail_requests"":500,""target_valid_hit_rate"":0.7776,""window_requests"":200},{""lag_requests"":2000,""oracle_tail_opportunity_rate"":0.89,""phase"":""shift-3"",""recovered"":false,""requests"":2000,""tail_requests"":500,""target_valid_hit_rate"":0.801,""window_requests"":200},{""lag_requests"":2000,""oracle_tail_opportunity_rate"":0.898,""phase"":""shift-4"",""recovered"":false,""requests"":2000,""tail_requests"":500,""target_valid_hit_rate"":0.8082,""window_requests"":200}]"
primary_test,f63a2b52a45510f8,0.7,0.97,infinity,1.0,carma-benchmark-v2,4a112c9eb48781f66d45,CARMA_NO_DECAY,phase_shift,20260907,253c0c4443da1b4c95fdc136c445af604c1a64b49abd24f2eb27a2d0e37db1b0,6217bf2ff98981a488c9cdc47268b775757e56b6042fc4f3e9a673878a2c8ef9,10000,100,6009,6009,0,3991,2227,8236,0.6009,0.0,1.0,0.72960175,0.54457784,214,3777,114,100,0.0,0.0,0.0,0.0,0.0,6,200,100,,,,,,,,2000.0,2000,4,"[{""lag_requests"":2000,""oracle_tail_opportunity_rate"":0.854,""phase"":""shift-1"",""recovered"":false,""requests"":2000,""tail_requests"":500,""target_valid_hit_rate"":0.7686,""window_requests"":200},{""lag_requests"":2000,""oracle_tail_opportunity_rate"":0.864,""phase"":""shift-2"",""recovered"":false,""requests"":2000,""tail_requests"":500,""target_valid_hit_rate"":0.7776,""window_requests"":200},{""lag_requests"":2000,""oracle_tail_opportunity_rate"":0.89,""phase"":""shift-3"",""recovered"":false,""requests"":2000,""tail_requests"":500,""target_valid_hit_rate"":0.801,""window_requests"":200},{""lag_requests"":2000,""oracle_tail_opportunity_rate"":0.898,""phase"":""shift-4"",""recovered"":false,""requests"":2000,""tail_requests"":500,""target_valid_hit_rate"":0.8082,""window_requests"":200}]"
primary_test,2976a9153db4de63,0.7,0.97,500,1.0,carma-benchmark-v2,28912137cd6012914b8f,CARMA_NO_QUOTA,phase_shift,20260907,253c0c4443da1b4c95fdc136c445af604c1a64b49abd24f2eb27a2d0e37db1b0,82e696b8cef9bd816d987f0dbf14f50d3bf52c91180ddb3db45006f99c80f985,10000,100,6758,6758,0,3242,1478,8236,0.6758,0.0,1.0,0.82054395,0.62390843,596,2646,496,100,0.0,0.0,0.0,0.0,0.0,6,200,100,,,,,,,,2000.0,2000,4,"[{""lag_requests"":2000,""oracle_tail_opportunity_rate"":0.854,""phase"":""shift-1"",""recovered"":false,""requests"":2000,""tail_requests"":500,""target_valid_hit_rate"":0.7686,""window_requests"":200},{""lag_requests"":2000,""oracle_tail_opportunity_rate"":0.864,""phase"":""shift-2"",""recovered"":false,""requests"":2000,""tail_requests"":500,""target_valid_hit_rate"":0.7776,""window_requests"":200},{""lag_requests"":2000,""oracle_tail_opportunity_rate"":0.89,""phase"":""shift-3"",""recovered"":false,""requests"":2000,""tail_requests"":500,""target_valid_hit_rate"":0.801,""window_requests"":200},{""lag_requests"":2000,""oracle_tail_opportunity_rate"":0.898,""phase"":""shift-4"",""recovered"":false,""requests"":2000,""tail_requests"":500,""target_valid_hit_rate"":0.8082,""window_requests"":200}]"
primary_test,2976a9153db4de63,0.7,0.97,500,1.0,carma-benchmark-v2,6845a7cc34eb97cff4ec,LFU,phase_shift,20260907,253c0c4443da1b4c95fdc136c445af604c1a64b49abd24f2eb27a2d0e37db1b0,a03a0e8d05925cc43526fd57d176493e2265979bbf4ccd0074cd500a47944010,10000,100,5077,5077,0,4923,3159,8236,0.5077,0.0,1.0,0.61644002,0.41752186,4923,0,4823,100,0.0,0.0,0.0,0.0,0.0,0,0,0,,,,,,,,2000.0,2000,4,"[{""lag_requests"":2000,""oracle_tail_opportunity_rate"":0.854,""phase"":""shift-1"",""recovered"":false,""requests"":2000,""tail_requests"":500,""target_valid_hit_rate"":0.7686,""window_requests"":200},{""lag_requests"":2000,""oracle_tail_opportunity_rate"":0.864,""phase"":""shift-2"",""recovered"":false,""requests"":2000,""tail_requests"":500,""target_valid_hit_rate"":0.7776,""window_requests"":200},{""lag_requests"":2000,""oracle_tail_opportunity_rate"":0.89,""phase"":""shift-3"",""recovered"":false,""requests"":2000,""tail_requests"":500,""target_valid_hit_rate"":0.801,""window_requests"":200},{""lag_requests"":2000,""oracle_tail_opportunity_rate"":0.898,""phase"":""shift-4"",""recovered"":false,""requests"":2000,""tail_requests"":500,""target_valid_hit_rate"":0.8082,""window_requests"":200}]"
primary_test,2976a9153db4de63,0.7,0.97,500,1.0,carma-benchmark-v2,e0d7e2db4e820570a49a,LRU,phase_shift,20260907,253c0c4443da1b4c95fdc136c445af604c1a64b49abd24f2eb27a2d0e37db1b0,28e75983553363e905717d858e81ba3a3c7ce974999afb91361ab39e9dc8ca5b,10000,100,6329,6329,0,3671,1907,8236,0.6329,0.0,1.0,0.76845556,0.58101282,3671,0,3571,100,0.0,0.0,0.0,0.0,0.0,0,0,0,,,,,,,,2000.0,2000,4,"[{""lag_requests"":2000,""oracle_tail_opportunity_rate"":0.854,""phase"":""shift-1"",""recovered"":false,""requests"":2000,""tail_requests"":500,""target_valid_hit_rate"":0.7686,""window_requests"":200},{""lag_requests"":2000,""oracle_tail_opportunity_rate"":0.864,""phase"":""shift-2"",""recovered"":false,""requests"":2000,""tail_requests"":500,""target_valid_hit_rate"":0.7776,""window_requests"":200},{""lag_requests"":2000,""oracle_tail_opportunity_rate"":0.89,""phase"":""shift-3"",""recovered"":false,""requests"":2000,""tail_requests"":500,""target_valid_hit_rate"":0.801,""window_requests"":200},{""lag_requests"":2000,""oracle_tail_opportunity_rate"":0.898,""phase"":""shift-4"",""recovered"":false,""requests"":2000,""tail_requests"":500,""target_valid_hit_rate"":0.8082,""window_requests"":200}]"
primary_test,2976a9153db4de63,0.7,0.97,500,1.0,carma-benchmark-v2,d0af5e06730e62a86fbb,CARMA,phase_shift,20260908,5e6821eab8b179d6efd5c6503fd1e108d4fa42734261e050e7684dccdb4f7c2e,b0a912896db03e6f990f795d8531ddae9c4f9f5e11d99aa01542d8e49d5e77aa,10000,100,6708,6708,0,3292,1567,8275,0.6708,0.0,1.0,0.81063444,0.62461307,649,2643,549,100,0.0,0.0,0.0,0.0,0.0,6,200,100,,,,,,,,2000.0,2000,4,"[{""lag_requests"":2000,""oracle_tail_opportunity_rate"":0.874,""phase"":""shift-1"",""recovered"":false,""requests"":2000,""tail_requests"":500,""target_valid_hit_rate"":0.7866,""window_requests"":200},{""lag_requests"":2000,""oracle_tail_opportunity_rate"":0.87,""phase"":""shift-2"",""recovered"":false,""requests"":2000,""tail_requests"":500,""target_valid_hit_rate"":0.783,""window_requests"":200},{""lag_requests"":2000,""oracle_tail_opportunity_rate"":0.908,""phase"":""shift-3"",""recovered"":false,""requests"":2000,""tail_requests"":500,""target_valid_hit_rate"":0.8172,""window_requests"":200},{""lag_requests"":2000,""oracle_tail_opportunity_rate"":0.912,""phase"":""shift-4"",""recovered"":false,""requests"":2000,""tail_requests"":500,""target_valid_hit_rate"":0.8208,""window_requests"":200}]"
primary_test,2976a9153db4de63,0.7,0.97,500,1.0,carma-benchmark-v2,c41213c09c21bb9f1780,CARMA_NO_ADMISSION,phase_shift,20260908,5e6821eab8b179d6efd5c6503fd1e108d4fa42734261e050e7684dccdb4f7c2e,fc3efd082dde64812ba91b06acb197fc1ac1b0c3b23005edbdb0b26bd28249da,10000,100,6679,6679,0,3321,1596,8275,0.6679,0.0,1.0,0.80712991,0.61967718,3321,0,3221,100,0.0,0.0,0.0,0.0,0.0,6,200,100,,,,,,,,2000.0,2000,4,"[{""lag_requests"":2000,""oracle_tail_opportunity_rate"":0.874,""phase"":""shift-1"",""recovered"":false,""requests"":2000,""tail_requests"":500,""target_valid_hit_rate"":0.7866,""window_requests"":200},{""lag_requests"":2000,""oracle_tail_opportunity_rate"":0.87,""phase"":""shift-2"",""recovered"":false,""requests"":2000,""tail_requests"":500,""target_valid_hit_rate"":0.783,""window_requests"":200},{""lag_requests"":2000,""oracle_tail_opportunity_rate"":0.908,""phase"":""shift-3"",""recovered"":false,""requests"":2000,""tail_requests"":500,""target_valid_hit_rate"":0.8172,""window_requests"":200},{""lag_requests"":2000,""oracle_tail_opportunity_rate"":0.912,""phase"":""shift-4"",""recovered"":false,""requests"":2000,""tail_requests"":500,""target_valid_hit_rate"":0.8208,""window_requests"":200}]"
primary_test,2976a9153db4de63,0.7,0.97,500,1.0,carma-benchmark-v2,dff73b501772ef5df024,CARMA_NO_CLUSTER,phase_shift,20260908,5e6821eab8b179d6efd5c6503fd1e108d4fa42734261e050e7684dccdb4f7c2e,d99cdabfb3998541dc3e0a821d54397b97aa88159d65816d66bf532525a2d334,10000,100,6685,6685,0,3315,1590,8275,0.6685,0.0,1.0,0.80785498,0.62162935,668,2647,568,100,0.0,0.0,0.0,0.0,0.0,1,200,100,,,,,,,,2000.0,2000,4,"[{""lag_requests"":2000,""oracle_tail_opportunity_rate"":0.874,""phase"":""shift-1"",""recovered"":false,""requests"":2000,""tail_requests"":500,""target_valid_hit_rate"":0.7866,""window_requests"":200},{""lag_requests"":2000,""oracle_tail_opportunity_rate"":0.87,""phase"":""shift-2"",""recovered"":false,""requests"":2000,""tail_requests"":500,""target_valid_hit_rate"":0.783,""window_requests"":200},{""lag_requests"":2000,""oracle_tail_opportunity_rate"":0.908,""phase"":""shift-3"",""recovered"":false,""requests"":2000,""tail_requests"":500,""target_valid_hit_rate"":0.8172,""window_requests"":200},{""lag_requests"":2000,""oracle_tail_opportunity_rate"":0.912,""phase"":""shift-4"",""recovered"":false,""requests"":2000,""tail_requests"":500,""target_valid_hit_rate"":0.8208,""window_requests"":200}]"
primary_test,f63a2b52a45510f8,0.7,0.97,infinity,1.0,carma-benchmark-v2,534e997def2323749b96,CARMA_NO_DECAY,phase_shift,20260908,5e6821eab8b179d6efd5c6503fd1e108d4fa42734261e050e7684dccdb4f7c2e,82ec2ac38ff374ed209bc142a2e1952f6ac308dff317bbdcf2ce01b771e66336,10000,100,5957,5957,0,4043,2318,8275,0.5957,0.0,1.0,0.71987915,0.53868156,217,3826,117,100,0.0,0.0,0.0,0.0,0.0,6,200,100,,,,,,,,2000.0,2000,4,"[{""lag_requests"":2000,""oracle_tail_opportunity_rate"":0.874,""phase"":""shift-1"",""recovered"":false,""requests"":2000,""tail_requests"":500,""target_valid_hit_rate"":0.7866,""window_requests"":200},{""lag_requests"":2000,""oracle_tail_opportunity_rate"":0.87,""phase"":""shift-2"",""recovered"":false,""requests"":2000,""tail_requests"":500,""target_valid_hit_rate"":0.783,""window_requests"":200},{""lag_requests"":2000,""oracle_tail_opportunity_rate"":0.908,""phase"":""shift-3"",""recovered"":false,""requests"":2000,""tail_requests"":500,""target_valid_hit_rate"":0.8172,""window_requests"":200},{""lag_requests"":2000,""oracle_tail_opportunity_rate"":0.912,""phase"":""shift-4"",""recovered"":false,""requests"":2000,""tail_requests"":500,""target_valid_hit_rate"":0.8208,""window_requests"":200}]"
primary_test,2976a9153db4de63,0.7,0.97,500,1.0,carma-benchmark-v2,f3b89fbb04533dd9984f,CARMA_NO_QUOTA,phase_shift,20260908,5e6821eab8b179d6efd5c6503fd1e108d4fa42734261e050e7684dccdb4f7c2e,003d5b575902003c9f4abe15e0b8490c0405881e3a77afdd562c7a87484c38d3,10000,100,6685,6685,0,3315,1590,8275,0.6685,0.0,1.0,0.80785498,0.62162935,668,2647,568,100,0.0,0.0,0.0,0.0,0.0,6,200,100,,,,,,,,2000.0,2000,4,"[{""lag_requests"":2000,""oracle_tail_opportunity_rate"":0.874,""phase"":""shift-1"",""recovered"":false,""requests"":2000,""tail_requests"":500,""target_valid_hit_rate"":0.7866,""window_requests"":200},{""lag_requests"":2000,""oracle_tail_opportunity_rate"":0.87,""phase"":""shift-2"",""recovered"":false,""requests"":2000,""tail_requests"":500,""target_valid_hit_rate"":0.783,""window_requests"":200},{""lag_requests"":2000,""oracle_tail_opportunity_rate"":0.908,""phase"":""shift-3"",""recovered"":false,""requests"":2000,""tail_requests"":500,""target_valid_hit_rate"":0.8172,""window_requests"":200},{""lag_requests"":2000,""oracle_tail_opportunity_rate"":0.912,""phase"":""shift-4"",""recovered"":false,""requests"":2000,""tail_requests"":500,""target_valid_hit_rate"":0.8208,""window_requests"":200}]"
primary_test,2976a9153db4de63,0.7,0.97,500,1.0,carma-benchmark-v2,780b510f5cf5c85afc2b,LFU,phase_shift,20260908,5e6821eab8b179d6efd5c6503fd1e108d4fa42734261e050e7684dccdb4f7c2e,aa1a0afff0c0fd1d13e316dbe5c8b9d974672e30bdda2990740251fe66d4f90c,10000,100,4887,4887,0,5113,3388,8275,0.4887,0.0,1.0,0.59057402,0.40355211,5113,0,5013,100,0.0,0.0,0.0,0.0,0.0,0,0,0,,,,,,,,2000.0,2000,4,"[{""lag_requests"":2000,""oracle_tail_opportunity_rate"":0.874,""phase"":""shift-1"",""recovered"":false,""requests"":2000,""tail_requests"":500,""target_valid_hit_rate"":0.7866,""window_requests"":200},{""lag_requests"":2000,""oracle_tail_opportunity_rate"":0.87,""phase"":""shift-2"",""recovered"":false,""requests"":2000,""tail_requests"":500,""target_valid_hit_rate"":0.783,""window_requests"":200},{""lag_requests"":2000,""oracle_tail_opportunity_rate"":0.908,""phase"":""shift-3"",""recovered"":false,""requests"":2000,""tail_requests"":500,""target_valid_hit_rate"":0.8172,""window_requests"":200},{""lag_requests"":2000,""oracle_tail_opportunity_rate"":0.912,""phase"":""shift-4"",""recovered"":false,""requests"":2000,""tail_requests"":500,""target_valid_hit_rate"":0.8208,""window_requests"":200}]"
primary_test,2976a9153db4de63,0.7,0.97,500,1.0,carma-benchmark-v2,f9618223591610bc9354,LRU,phase_shift,20260908,5e6821eab8b179d6efd5c6503fd1e108d4fa42734261e050e7684dccdb4f7c2e,51be730e1cbdd16079db63d49646b39d72f0516fe995b59693c661a74f14ade6,10000,100,6248,6248,0,3752,2027,8275,0.6248,0.0,1.0,0.75504532,0.57316774,3752,0,3652,100,0.0,0.0,0.0,0.0,0.0,0,0,0,,,,,,,,2000.0,2000,4,"[{""lag_requests"":2000,""oracle_tail_opportunity_rate"":0.874,""phase"":""shift-1"",""recovered"":false,""requests"":2000,""tail_requests"":500,""target_valid_hit_rate"":0.7866,""window_requests"":200},{""lag_requests"":2000,""oracle_tail_opportunity_rate"":0.87,""phase"":""shift-2"",""recovered"":false,""requests"":2000,""tail_requests"":500,""target_valid_hit_rate"":0.783,""window_requests"":200},{""lag_requests"":2000,""oracle_tail_opportunity_rate"":0.908,""phase"":""shift-3"",""recovered"":false,""requests"":2000,""tail_requests"":500,""target_valid_hit_rate"":0.8172,""window_requests"":200},{""lag_requests"":2000,""oracle_tail_opportunity_rate"":0.912,""phase"":""shift-4"",""recovered"":false,""requests"":2000,""tail_requests"":500,""target_valid_hit_rate"":0.8208,""window_requests"":200}]"
primary_test,2976a9153db4de63,0.7,0.97,500,1.0,carma-benchmark-v2,5da098e2f2d8e99a1573,CARMA,phase_shift,20260909,07d195c007b002b316d4a0a216a4a99f2914703061d70e433ccb15f51ccae788,06551eb061e0306b0d15830bb055cc1b5d5b88b1a458d44fe7837506b461057a,10000,100,6931,6931,0,3069,1361,8292,0.6931,0.0,1.0,0.83586589,0.64452325,604,2465,504,100,0.0,0.0,0.0,0.0,0.0,6,200,100,,,,,,,,1913.25,2000,3,"[{""lag_requests"":2000,""oracle_tail_opportunity_rate"":0.852,""phase"":""shift-1"",""recovered"":false,""requests"":2000,""tail_requests"":500,""target_valid_hit_rate"":0.7668,""window_requests"":200},{""lag_requests"":2000,""oracle_tail_opportunity_rate"":0.89,""phase"":""shift-2"",""recovered"":false,""requests"":2000,""tail_requests"":500,""target_valid_hit_rate"":0.801,""window_requests"":200},{""lag_requests"":1653,""oracle_tail_opportunity_rate"":0.9,""phase"":""shift-3"",""recovered"":true,""requests"":2000,""tail_requests"":500,""target_valid_hit_rate"":0.81,""window_requests"":200},{""lag_requests"":2000,""oracle_tail_opportunity_rate"":0.882,""phase"":""shift-4"",""recovered"":false,""requests"":2000,""tail_requests"":500,""target_valid_hit_rate"":0.7938,""window_requests"":200}]"
primary_test,2976a9153db4de63,0.7,0.97,500,1.0,carma-benchmark-v2,c37281e1dac4ca8596aa,CARMA_NO_ADMISSION,phase_shift,20260909,07d195c007b002b316d4a0a216a4a99f2914703061d70e433ccb15f51ccae788,644fe66133f7db34600229bedf4b9b88941e57ac440707bce7996810ce484713,10000,100,6873,6873,0,3127,1419,8292,0.6873,0.0,1.0,0.8288712,0.63702238,3127,0,3027,100,0.0,0.0,0.0,0.0,0.0,6,200,100,,,,,,,,1920.5,2000,3,"[{""lag_requests"":2000,""oracle_tail_opportunity_rate"":0.852,""phase"":""shift-1"",""recovered"":false,""requests"":2000,""tail_requests"":500,""target_valid_hit_rate"":0.7668,""window_requests"":200},{""lag_requests"":2000,""oracle_tail_opportunity_rate"":0.89,""phase"":""shift-2"",""recovered"":false,""requests"":2000,""tail_requests"":500,""target_valid_hit_rate"":0.801,""window_requests"":200},{""lag_requests"":1682,""oracle_tail_opportunity_rate"":0.9,""phase"":""shift-3"",""recovered"":true,""requests"":2000,""tail_requests"":500,""target_valid_hit_rate"":0.81,""window_requests"":200},{""lag_requests"":2000,""oracle_tail_opportunity_rate"":0.882,""phase"":""shift-4"",""recovered"":false,""requests"":2000,""tail_requests"":500,""target_valid_hit_rate"":0.7938,""window_requests"":200}]"
primary_test,2976a9153db4de63,0.7,0.97,500,1.0,carma-benchmark-v2,078aa7fb5e4aa69f11cc,CARMA_NO_CLUSTER,phase_shift,20260909,07d195c007b002b316d4a0a216a4a99f2914703061d70e433ccb15f51ccae788,3e48a97703503cf3051af65536ed195a7462c522e8ada5ff63b6d79bdab16566,10000,100,6862,6862,0,3138,1430,8292,0.6862,0.0,1.0,0.82754462,0.63497263,642,2496,542,100,0.0,0.0,0.0,0.0,0.0,1,200,100,,,,,,,,1913.5,2000,3,"[{""lag_requests"":2000,""oracle_tail_opportunity_rate"":0.852,""phase"":""shift-1"",""recovered"":false,""requests"":2000,""tail_requests"":500,""target_valid_hit_rate"":0.7668,""window_requests"":200},{""lag_requests"":2000,""oracle_tail_opportunity_rate"":0.89,""phase"":""shift-2"",""recovered"":false,""requests"":2000,""tail_requests"":500,""target_valid_hit_rate"":0.801,""window_requests"":200},{""lag_requests"":1654,""oracle_tail_opportunity_rate"":0.9,""phase"":""shift-3"",""recovered"":true,""requests"":2000,""tail_requests"":500,""target_valid_hit_rate"":0.81,""window_requests"":200},{""lag_requests"":2000,""oracle_tail_opportunity_rate"":0.882,""phase"":""shift-4"",""recovered"":false,""requests"":2000,""tail_requests"":500,""target_valid_hit_rate"":0.7938,""window_requests"":200}]"
primary_test,f63a2b52a45510f8,0.7,0.97,infinity,1.0,carma-benchmark-v2,a718f9aec75aa8b50ea3,CARMA_NO_DECAY,phase_shift,20260909,07d195c007b002b316d4a0a216a4a99f2914703061d70e433ccb15f51ccae788,7b78fe9cd34ad104c60c5669827e72f2fbf8f621e25db6978decb99e5f48e9a6,10000,100,5984,5984,0,4016,2308,8292,0.5984,0.0,1.0,0.72165943,0.53103046,215,3801,115,100,0.0,0.0,0.0,0.0,0.0,6,200,100,,,,,,,,2000.0,2000,4,"[{""lag_requests"":2000,""oracle_tail_opportunity_rate"":0.852,""phase"":""shift-1"",""recovered"":false,""requests"":2000,""tail_requests"":500,""target_valid_hit_rate"":0.7668,""window_requests"":200},{""lag_requests"":2000,""oracle_tail_opportunity_rate"":0.89,""phase"":""shift-2"",""recovered"":false,""requests"":2000,""tail_requests"":500,""target_valid_hit_rate"":0.801,""window_requests"":200},{""lag_requests"":2000,""oracle_tail_opportunity_rate"":0.9,""phase"":""shift-3"",""recovered"":false,""requests"":2000,""tail_requests"":500,""target_valid_hit_rate"":0.81,""window_requests"":200},{""lag_requests"":2000,""oracle_tail_opportunity_rate"":0.882,""phase"":""shift-4"",""recovered"":false,""requests"":2000,""tail_requests"":500,""target_valid_hit_rate"":0.7938,""window_requests"":200}]"
primary_test,2976a9153db4de63,0.7,0.97,500,1.0,carma-benchmark-v2,973d8376afff5073288f,CARMA_NO_QUOTA,phase_shift,20260909,07d195c007b002b316d4a0a216a4a99f2914703061d70e433ccb15f51ccae788,17fd93b6ffe7af26389f1e95c0be9419f672914a9c6b10e06b64caec99ceff7d,10000,100,6862,6862,0,3138,1430,8292,0.6862,0.0,1.0,0.82754462,0.63497263,642,2496,542,100,0.0,0.0,0.0,0.0,0.0,6,200,100,,,,,,,,1913.5,2000,3,"[{""lag_requests"":2000,""oracle_tail_opportunity_rate"":0.852,""phase"":""shift-1"",""recovered"":false,""requests"":2000,""tail_requests"":500,""target_valid_hit_rate"":0.7668,""window_requests"":200},{""lag_requests"":2000,""oracle_tail_opportunity_rate"":0.89,""phase"":""shift-2"",""recovered"":false,""requests"":2000,""tail_requests"":500,""target_valid_hit_rate"":0.801,""window_requests"":200},{""lag_requests"":1654,""oracle_tail_opportunity_rate"":0.9,""phase"":""shift-3"",""recovered"":true,""requests"":2000,""tail_requests"":500,""target_valid_hit_rate"":0.81,""window_requests"":200},{""lag_requests"":2000,""oracle_tail_opportunity_rate"":0.882,""phase"":""shift-4"",""recovered"":false,""requests"":2000,""tail_requests"":500,""target_valid_hit_rate"":0.7938,""window_requests"":200}]"
primary_test,2976a9153db4de63,0.7,0.97,500,1.0,carma-benchmark-v2,adfd95811ea860482861,LFU,phase_shift,20260909,07d195c007b002b316d4a0a216a4a99f2914703061d70e433ccb15f51ccae788,a0f82462f9ec846ef82a720f612d695370a380f5cfae6e5679d6ce53d3569b0c,10000,100,5316,5316,0,4684,2976,8292,0.5316,0.0,1.0,0.64109986,0.44454366,4684,0,4584,100,0.0,0.0,0.0,0.0,0.0,0,0,0,,,,,,,,2000.0,2000,4,"[{""lag_requests"":2000,""oracle_tail_opportunity_rate"":0.852,""phase"":""shift-1"",""recovered"":false,""requests"":2000,""tail_requests"":500,""target_valid_hit_rate"":0.7668,""window_requests"":200},{""lag_requests"":2000,""oracle_tail_opportunity_rate"":0.89,""phase"":""shift-2"",""recovered"":false,""requests"":2000,""tail_requests"":500,""target_valid_hit_rate"":0.801,""window_requests"":200},{""lag_requests"":2000,""oracle_tail_opportunity_rate"":0.9,""phase"":""shift-3"",""recovered"":false,""requests"":2000,""tail_requests"":500,""target_valid_hit_rate"":0.81,""window_requests"":200},{""lag_requests"":2000,""oracle_tail_opportunity_rate"":0.882,""phase"":""shift-4"",""recovered"":false,""requests"":2000,""tail_requests"":500,""target_valid_hit_rate"":0.7938,""window_requests"":200}]"
primary_test,2976a9153db4de63,0.7,0.97,500,1.0,carma-benchmark-v2,835de379aab9babff07d,LRU,phase_shift,20260909,07d195c007b002b316d4a0a216a4a99f2914703061d70e433ccb15f51ccae788,f89d09bc9520cbe3a7827ac574febf86e4428e6d29caeecabf78e9a862af79e9,10000,100,6431,6431,0,3569,1861,8292,0.6431,0.0,1.0,0.77556681,0.58974904,3569,0,3469,100,0.0,0.0,0.0,0.0,0.0,0,0,0,,,,,,,,2000.0,2000,4,"[{""lag_requests"":2000,""oracle_tail_opportunity_rate"":0.852,""phase"":""shift-1"",""recovered"":false,""requests"":2000,""tail_requests"":500,""target_valid_hit_rate"":0.7668,""window_requests"":200},{""lag_requests"":2000,""oracle_tail_opportunity_rate"":0.89,""phase"":""shift-2"",""recovered"":false,""requests"":2000,""tail_requests"":500,""target_valid_hit_rate"":0.801,""window_requests"":200},{""lag_requests"":2000,""oracle_tail_opportunity_rate"":0.9,""phase"":""shift-3"",""recovered"":false,""requests"":2000,""tail_requests"":500,""target_valid_hit_rate"":0.81,""window_requests"":200},{""lag_requests"":2000,""oracle_tail_opportunity_rate"":0.882,""phase"":""shift-4"",""recovered"":false,""requests"":2000,""tail_requests"":500,""target_valid_hit_rate"":0.7938,""window_requests"":200}]"
primary_test,2976a9153db4de63,0.7,0.97,500,1.0,carma-benchmark-v2,19de286800bb86e0c5ef,CARMA,phase_shift,20260910,3006bd1c11329bcdda3bfd7b2dc530f7f25ad3f4d862126cc6efb28011efbf1d,983153311ed09826e25f1d4852334075149da578a150306c891b816270fa3d42,10000,100,6900,6900,0,3100,1415,8315,0.69,0.0,1.0,0.82982562,0.64303651,607,2493,507,100,0.0,0.0,0.0,0.0,0.0,6,200,100,,,,,,,,1503.25,2000,1,"[{""lag_requests"":1404,""oracle_tail_opportunity_rate"":0.89,""phase"":""shift-1"",""recovered"":true,""requests"":2000,""tail_requests"":500,""target_valid_hit_rate"":0.801,""window_requests"":200},{""lag_requests"":1271,""oracle_tail_opportunity_rate"":0.88,""phase"":""shift-2"",""recovered"":true,""requests"":2000,""tail_requests"":500,""target_valid_hit_rate"":0.792,""window_requests"":200},{""lag_requests"":2000,""oracle_tail_opportunity_rate"":0.868,""phase"":""shift-3"",""recovered"":false,""requests"":2000,""tail_requests"":500,""target_valid_hit_rate"":0.7812,""window_requests"":200},{""lag_requests"":1338,""oracle_tail_opportunity_rate"":0.894,""phase"":""shift-4"",""recovered"":true,""requests"":2000,""tail_requests"":500,""target_valid_hit_rate"":0.8046,""window_requests"":200}]"
primary_test,2976a9153db4de63,0.7,0.97,500,1.0,carma-benchmark-v2,b33d6988deff80c1d05c,CARMA_NO_ADMISSION,phase_shift,20260910,3006bd1c11329bcdda3bfd7b2dc530f7f25ad3f4d862126cc6efb28011efbf1d,ace30d2d738a029a580ea3639b32cccf21613f7de5aaa8dfed1da6ac4bd26ecf,10000,100,6879,6879,0,3121,1436,8315,0.6879,0.0,1.0,0.82730006,0.64056859,3121,0,3021,100,0.0,0.0,0.0,0.0,0.0,6,200,100,,,,,,,,1818.75,2000,3,"[{""lag_requests"":2000,""oracle_tail_opportunity_rate"":0.89,""phase"":""shift-1"",""recovered"":false,""requests"":2000,""tail_requests"":500,""target_valid_hit_rate"":0.801,""window_requests"":200},{""lag_requests"":1275,""oracle_tail_opportunity_rate"":0.88,""phase"":""shift-2"",""recovered"":true,""requests"":2000,""tail_requests"":500,""target_valid_hit_rate"":0.792,""window_requests"":200},{""lag_requests"":2000,""oracle_tail_opportunity_rate"":0.868,""phase"":""shift-3"",""recovered"":false,""requests"":2000,""tail_requests"":500,""target_valid_hit_rate"":0.7812,""window_requests"":200},{""lag_requests"":2000,""oracle_tail_opportunity_rate"":0.894,""phase"":""shift-4"",""recovered"":false,""requests"":2000,""tail_requests"":500,""target_valid_hit_rate"":0.8046,""window_requests"":200}]"
primary_test,2976a9153db4de63,0.7,0.97,500,1.0,carma-benchmark-v2,0e40d304942e6a3db847,CARMA_NO_CLUSTER,phase_shift,20260910,3006bd1c11329bcdda3bfd7b2dc530f7f25ad3f4d862126cc6efb28011efbf1d,77eea4fc651d2ec3347dd15e7fa6432e8585fc4b3fbd0b53113b7a5d5a64d9c0,10000,100,6874,6874,0,3126,1441,8315,0.6874,0.0,1.0,0.82669874,0.63930075,622,2504,522,100,0.0,0.0,0.0,0.0,0.0,1,200,100,,,,,,,,1650.75,2000,2,"[{""lag_requests"":2000,""oracle_tail_opportunity_rate"":0.89,""phase"":""shift-1"",""recovered"":false,""requests"":2000,""tail_requests"":500,""target_valid_hit_rate"":0.801,""window_requests"":200},{""lag_requests"":1265,""oracle_tail_opportunity_rate"":0.88,""phase"":""shift-2"",""recovered"":true,""requests"":2000,""tail_requests"":500,""target_valid_hit_rate"":0.792,""window_requests"":200},{""lag_requests"":2000,""oracle_tail_opportunity_rate"":0.868,""phase"":""shift-3"",""recovered"":false,""requests"":2000,""tail_requests"":500,""target_valid_hit_rate"":0.7812,""window_requests"":200},{""lag_requests"":1338,""oracle_tail_opportunity_rate"":0.894,""phase"":""shift-4"",""recovered"":true,""requests"":2000,""tail_requests"":500,""target_valid_hit_rate"":0.8046,""window_requests"":200}]"
primary_test,f63a2b52a45510f8,0.7,0.97,infinity,1.0,carma-benchmark-v2,3b187cb0e941339a99b8,CARMA_NO_DECAY,phase_shift,20260910,3006bd1c11329bcdda3bfd7b2dc530f7f25ad3f4d862126cc6efb28011efbf1d,e8f77f95f8fa3e3de3d09ef6a3c78961e244e5d447f73e29848cfaf217b16eaa,10000,100,5997,5997,0,4003,2318,8315,0.5997,0.0,1.0,0.7212267,0.53111875,205,3798,105,100,0.0,0.0,0.0,0.0,0.0,6,200,100,,,,,,,,2000.0,2000,4,"[{""lag_requests"":2000,""oracle_tail_opportunity_rate"":0.89,""phase"":""shift-1"",""recovered"":false,""requests"":2000,""tail_requests"":500,""target_valid_hit_rate"":0.801,""window_requests"":200},{""lag_requests"":2000,""oracle_tail_opportunity_rate"":0.88,""phase"":""shift-2"",""recovered"":false,""requests"":2000,""tail_requests"":500,""target_valid_hit_rate"":0.792,""window_requests"":200},{""lag_requests"":2000,""oracle_tail_opportunity_rate"":0.868,""phase"":""shift-3"",""recovered"":false,""requests"":2000,""tail_requests"":500,""target_valid_hit_rate"":0.7812,""window_requests"":200},{""lag_requests"":2000,""oracle_tail_opportunity_rate"":0.894,""phase"":""shift-4"",""recovered"":false,""requests"":2000,""tail_requests"":500,""target_valid_hit_rate"":0.8046,""window_requests"":200}]"
primary_test,2976a9153db4de63,0.7,0.97,500,1.0,carma-benchmark-v2,53708ee6faeb4076aef0,CARMA_NO_QUOTA,phase_shift,20260910,3006bd1c11329bcdda3bfd7b2dc530f7f25ad3f4d862126cc6efb28011efbf1d,09ffdc5eb6e8c24485cc8de1fce0110ed958bd1302ef5a3705a6d6e4ce573e32,10000,100,6874,6874,0,3126,1441,8315,0.6874,0.0,1.0,0.82669874,0.63930075,622,2504,522,100,0.0,0.0,0.0,0.0,0.0,6,200,100,,,,,,,,1650.75,2000,2,"[{""lag_requests"":2000,""oracle_tail_opportunity_rate"":0.89,""phase"":""shift-1"",""recovered"":false,""requests"":2000,""tail_requests"":500,""target_valid_hit_rate"":0.801,""window_requests"":200},{""lag_requests"":1265,""oracle_tail_opportunity_rate"":0.88,""phase"":""shift-2"",""recovered"":true,""requests"":2000,""tail_requests"":500,""target_valid_hit_rate"":0.792,""window_requests"":200},{""lag_requests"":2000,""oracle_tail_opportunity_rate"":0.868,""phase"":""shift-3"",""recovered"":false,""requests"":2000,""tail_requests"":500,""target_valid_hit_rate"":0.7812,""window_requests"":200},{""lag_requests"":1338,""oracle_tail_opportunity_rate"":0.894,""phase"":""shift-4"",""recovered"":true,""requests"":2000,""tail_requests"":500,""target_valid_hit_rate"":0.8046,""window_requests"":200}]"
primary_test,2976a9153db4de63,0.7,0.97,500,1.0,carma-benchmark-v2,a24f46c23bec8dd95859,LFU,phase_shift,20260910,3006bd1c11329bcdda3bfd7b2dc530f7f25ad3f4d862126cc6efb28011efbf1d,99496a06402c3747a296c31daad70874727c76e885cfef5fc9d893401d457fdb,10000,100,5250,5250,0,4750,3065,8315,0.525,0.0,1.0,0.63138906,0.43227234,4750,0,4650,100,0.0,0.0,0.0,0.0,0.0,0,0,0,,,,,,,,2000.0,2000,4,"[{""lag_requests"":2000,""oracle_tail_opportunity_rate"":0.89,""phase"":""shift-1"",""recovered"":false,""requests"":2000,""tail_requests"":500,""target_valid_hit_rate"":0.801,""window_requests"":200},{""lag_requests"":2000,""oracle_tail_opportunity_rate"":0.88,""phase"":""shift-2"",""recovered"":false,""requests"":2000,""tail_requests"":500,""target_valid_hit_rate"":0.792,""window_requests"":200},{""lag_requests"":2000,""oracle_tail_opportunity_rate"":0.868,""phase"":""shift-3"",""recovered"":false,""requests"":2000,""tail_requests"":500,""target_valid_hit_rate"":0.7812,""window_requests"":200},{""lag_requests"":2000,""oracle_tail_opportunity_rate"":0.894,""phase"":""shift-4"",""recovered"":false,""requests"":2000,""tail_requests"":500,""target_valid_hit_rate"":0.8046,""window_requests"":200}]"
primary_test,2976a9153db4de63,0.7,0.97,500,1.0,carma-benchmark-v2,638842c47a962d8a0380,LRU,phase_shift,20260910,3006bd1c11329bcdda3bfd7b2dc530f7f25ad3f4d862126cc6efb28011efbf1d,0ce59d69a7b05d461a100fe892efa496221fa2aad73290435791fa36af799859,10000,100,6469,6469,0,3531,1846,8315,0.6469,0.0,1.0,0.77799158,0.59643396,3531,0,3431,100,0.0,0.0,0.0,0.0,0.0,0,0,0,,,,,,,,2000.0,2000,4,"[{""lag_requests"":2000,""oracle_tail_opportunity_rate"":0.89,""phase"":""shift-1"",""recovered"":false,""requests"":2000,""tail_requests"":500,""target_valid_hit_rate"":0.801,""window_requests"":200},{""lag_requests"":2000,""oracle_tail_opportunity_rate"":0.88,""phase"":""shift-2"",""recovered"":false,""requests"":2000,""tail_requests"":500,""target_valid_hit_rate"":0.792,""window_requests"":200},{""lag_requests"":2000,""oracle_tail_opportunity_rate"":0.868,""phase"":""shift-3"",""recovered"":false,""requests"":2000,""tail_requests"":500,""target_valid_hit_rate"":0.7812,""window_requests"":200},{""lag_requests"":2000,""oracle_tail_opportunity_rate"":0.894,""phase"":""shift-4"",""recovered"":false,""requests"":2000,""tail_requests"":500,""target_valid_hit_rate"":0.8046,""window_requests"":200}]"
primary_test,2976a9153db4de63,0.7,0.97,500,1.0,carma-benchmark-v2,ed586411d26cc9ac37b6,CARMA,pollution_scan,20260901,b907ae74d62efb16d0edd971cf59414957ae5165365dac6ea44abdc55b24fe24,397a4e14f4cded835f15ccebed8b38c374ab533396e34c257a421dbaa2d262f8,10000,100,5920,5920,0,4080,0,5920,0.592,0.0,1.0,1.0,0.46042218,100,3980,0,100,0.0,0.0,0.0,0.0,0.0,6,200,100,3000,3000,0,3000,1.0,0.0,1.0,,,,
primary_test,2976a9153db4de63,0.7,0.97,500,1.0,carma-benchmark-v2,7b532c2e3984deb1cf88,CARMA_NO_ADMISSION,pollution_scan,20260901,b907ae74d62efb16d0edd971cf59414957ae5165365dac6ea44abdc55b24fe24,13a414844b3be32d500986a28d3385dbc1ee2c78bee9bedf154bd1c381934392,10000,100,5536,5536,0,4464,384,5920,0.5536,0.0,1.0,0.93513514,0.40990488,4464,0,4364,100,0.0,0.0,0.0,0.0,0.0,6,200,100,3000,2616,0,3000,0.872,0.0,0.872,,,,
primary_test,2976a9153db4de63,0.7,0.97,500,1.0,carma-benchmark-v2,76e476ce1e7090a157ee,CARMA_NO_CLUSTER,pollution_scan,20260901,b907ae74d62efb16d0edd971cf59414957ae5165365dac6ea44abdc55b24fe24,b79c0ab9615678bd915814d9e983fb5225a2f8beff1742f57e75448301da1bc2,10000,100,5920,5920,0,4080,0,5920,0.592,0.0,1.0,1.0,0.46042218,100,3980,0,100,0.0,0.0,0.0,0.0,0.0,1,200,100,3000,3000,0,3000,1.0,0.0,1.0,,,,
primary_test,f63a2b52a45510f8,0.7,0.97,infinity,1.0,carma-benchmark-v2,d78d026baf313cf5c491,CARMA_NO_DECAY,pollution_scan,20260901,b907ae74d62efb16d0edd971cf59414957ae5165365dac6ea44abdc55b24fe24,1be0a7eb676d468f98fcb7c97ac643867761e6fbe3e6234bc824ec578f6c28d3,10000,100,5920,5920,0,4080,0,5920,0.592,0.0,1.0,1.0,0.46042218,100,3980,0,100,0.0,0.0,0.0,0.0,0.0,6,200,100,3000,3000,0,3000,1.0,0.0,1.0,,,,
primary_test,2976a9153db4de63,0.7,0.97,500,1.0,carma-benchmark-v2,802dd341971ba42c8910,CARMA_NO_QUOTA,pollution_scan,20260901,b907ae74d62efb16d0edd971cf59414957ae5165365dac6ea44abdc55b24fe24,807943577c40ed8fe6341171f4a2a3b839ed308147599eeffeaee666ab7e551e,10000,100,5920,5920,0,4080,0,5920,0.592,0.0,1.0,1.0,0.46042218,100,3980,0,100,0.0,0.0,0.0,0.0,0.0,6,200,100,3000,3000,0,3000,1.0,0.0,1.0,,,,
primary_test,2976a9153db4de63,0.7,0.97,500,1.0,carma-benchmark-v2,d814e001c5d80ea68df9,LFU,pollution_scan,20260901,b907ae74d62efb16d0edd971cf59414957ae5165365dac6ea44abdc55b24fe24,b78f0d6ca4c19caf34739cca90fb8232189e7a86df4bbe38e2c6d2599d3bad06,10000,100,5920,5920,0,4080,0,5920,0.592,0.0,1.0,1.0,0.46042218,4080,0,3980,100,0.0,0.0,0.0,0.0,0.0,0,0,0,3000,3000,0,3000,1.0,0.0,1.0,,,,
primary_test,2976a9153db4de63,0.7,0.97,500,1.0,carma-benchmark-v2,c53673503553c5f568f1,LRU,pollution_scan,20260901,b907ae74d62efb16d0edd971cf59414957ae5165365dac6ea44abdc55b24fe24,ac61b5475f6181966dd6cce900ad5ba1ed12b53259e97b740a0d945806f02f8e,10000,100,5840,5840,0,4160,80,5920,0.584,0.0,1.0,0.98648649,0.45019441,4160,0,4060,100,0.0,0.0,0.0,0.0,0.0,0,0,0,3000,2920,0,3000,0.97333333,0.0,0.97333333,,,,
primary_test,2976a9153db4de63,0.7,0.97,500,1.0,carma-benchmark-v2,11120c61bea7c751ba2c,CARMA,pollution_scan,20260902,bd37c54a996e64686adb5387c1707213768c3ca65f5478e6f87dfdf1ace1249c,fffef2adcf38dca029288f1337742e005b1200d69764e8df7a8658a2171ccb35,10000,100,5920,5920,0,4080,0,5920,0.592,0.0,1.0,1.0,0.46027774,100,3980,0,100,0.0,0.0,0.0,0.0,0.0,6,200,100,3000,3000,0,3000,1.0,0.0,1.0,,,,
primary_test,2976a9153db4de63,0.7,0.97,500,1.0,carma-benchmark-v2,e20907f14def7a4fc1cd,CARMA_NO_ADMISSION,pollution_scan,20260902,bd37c54a996e64686adb5387c1707213768c3ca65f5478e6f87dfdf1ace1249c,c6bc86d4aa39f7911a1489fee850625d8770bde60ee96a854e6e2d1f1d12e1e6,10000,100,5538,5538,0,4462,382,5920,0.5538,0.0,1.0,0.93547297,0.41045591,4462,0,4362,100,0.0,0.0,0.0,0.0,0.0,6,200,100,3000,2618,0,3000,0.87266667,0.0,0.87266667,,,,
primary_test,2976a9153db4de63,0.7,0.97,500,1.0,carma-benchmark-v2,adf7540988565b1335f8,CARMA_NO_CLUSTER,pollution_scan,20260902,bd37c54a996e64686adb5387c1707213768c3ca65f5478e6f87dfdf1ace1249c,3e4c8a4eb33a7ac1441221499c9ca3b06e535cfab995d55d3d92bdd1e7e61ba7,10000,100,5920,5920,0,4080,0,5920,0.592,0.0,1.0,1.0,0.46027774,100,3980,0,100,0.0,0.0,0.0,0.0,0.0,1,200,100,3000,3000,0,3000,1.0,0.0,1.0,,,,
primary_test,f63a2b52a45510f8,0.7,0.97,infinity,1.0,carma-benchmark-v2,88623c5385404a95fa11,CARMA_NO_DECAY,pollution_scan,20260902,bd37c54a996e64686adb5387c1707213768c3ca65f5478e6f87dfdf1ace1249c,f8b93082ca0b697b9e3a021b3cc82e02646ecf4b426a9bb9b4aefb74b1890fca,10000,100,5920,5920,0,4080,0,5920,0.592,0.0,1.0,1.0,0.46027774,100,3980,0,100,0.0,0.0,0.0,0.0,0.0,6,200,100,3000,3000,0,3000,1.0,0.0,1.0,,,,
primary_test,2976a9153db4de63,0.7,0.97,500,1.0,carma-benchmark-v2,aeb26eaf09040060244b,CARMA_NO_QUOTA,pollution_scan,20260902,bd37c54a996e64686adb5387c1707213768c3ca65f5478e6f87dfdf1ace1249c,ea1c92ddd761aa8b649b2628b9949a298031daf16b20c9a709d7d1996fa07832,10000,100,5920,5920,0,4080,0,5920,0.592,0.0,1.0,1.0,0.46027774,100,3980,0,100,0.0,0.0,0.0,0.0,0.0,6,200,100,3000,3000,0,3000,1.0,0.0,1.0,,,,
primary_test,2976a9153db4de63,0.7,0.97,500,1.0,carma-benchmark-v2,1aa39aee6910111c6c82,LFU,pollution_scan,20260902,bd37c54a996e64686adb5387c1707213768c3ca65f5478e6f87dfdf1ace1249c,7efaf261308c09df09a15d9e9a6936f2c7b59d69ff08c2fc22bb56f967bcc4fa,10000,100,5920,5920,0,4080,0,5920,0.592,0.0,1.0,1.0,0.46027774,4080,0,3980,100,0.0,0.0,0.0,0.0,0.0,0,0,0,3000,3000,0,3000,1.0,0.0,1.0,,,,
primary_test,2976a9153db4de63,0.7,0.97,500,1.0,carma-benchmark-v2,0e870082e40942a8fbfa,LRU,pollution_scan,20260902,bd37c54a996e64686adb5387c1707213768c3ca65f5478e6f87dfdf1ace1249c,ac9ce77de4982ee9fcf11f316c78075ddd12b6b3731a48e189a46c5c0e0e0a1d,10000,100,5840,5840,0,4160,80,5920,0.584,0.0,1.0,0.98648649,0.45004723,4160,0,4060,100,0.0,0.0,0.0,0.0,0.0,0,0,0,3000,2920,0,3000,0.97333333,0.0,0.97333333,,,,
primary_test,2976a9153db4de63,0.7,0.97,500,1.0,carma-benchmark-v2,01cee42bfd5017aefbbf,CARMA,pollution_scan,20260903,2e783243ddaad7d4dd7594420d07dacd9193c15ab2dc0f8c3702dec8b4ed89a4,3bae7ab04b6fd5d3a9ff28fee80fc5882ad35576b9ee6eb6cbd2c9646d64e587,10000,100,5920,5920,0,4080,0,5920,0.592,0.0,1.0,1.0,0.4555761,100,3980,0,100,0.0,0.0,0.0,0.0,0.0,6,200,100,3000,3000,0,3000,1.0,0.0,1.0,,,,
primary_test,2976a9153db4de63,0.7,0.97,500,1.0,carma-benchmark-v2,d04fc58c558cb594ef7a,CARMA_NO_ADMISSION,pollution_scan,20260903,2e783243ddaad7d4dd7594420d07dacd9193c15ab2dc0f8c3702dec8b4ed89a4,7398bbb0f2de64c46296177cab9bedca555dbd38556ff8f86efce41f531a8b35,10000,100,5545,5545,0,4455,375,5920,0.5545,0.0,1.0,0.93665541,0.40624187,4455,0,4355,100,0.0,0.0,0.0,0.0,0.0,6,200,100,3000,2625,0,3000,0.875,0.0,0.875,,,,
primary_test,2976a9153db4de63,0.7,0.97,500,1.0,carma-benchmark-v2,7bf141655a1c80166b5f,CARMA_NO_CLUSTER,pollution_scan,20260903,2e783243ddaad7d4dd7594420d07dacd9193c15ab2dc0f8c3702dec8b4ed89a4,3b07a0e97231d902d4d3af955b80b144e176e9469dc7503b4591e08f927ee92d,10000,100,5920,5920,0,4080,0,5920,0.592,0.0,1.0,1.0,0.4555761,100,3980,0,100,0.0,0.0,0.0,0.0,0.0,1,200,100,3000,3000,0,3000,1.0,0.0,1.0,,,,
primary_test,f63a2b52a45510f8,0.7,0.97,infinity,1.0,carma-benchmark-v2,c0d05b1ec20cb4f22319,CARMA_NO_DECAY,pollution_scan,20260903,2e783243ddaad7d4dd7594420d07dacd9193c15ab2dc0f8c3702dec8b4ed89a4,6aa86df96f5fe171960e5762734c9f7438073b1cf0c79cbbbf81368c92d6c8e8,10000,100,5920,5920,0,4080,0,5920,0.592,0.0,1.0,1.0,0.4555761,100,3980,0,100,0.0,0.0,0.0,0.0,0.0,6,200,100,3000,3000,0,3000,1.0,0.0,1.0,,,,
primary_test,2976a9153db4de63,0.7,0.97,500,1.0,carma-benchmark-v2,97f0b755597d822cd7a8,CARMA_NO_QUOTA,pollution_scan,20260903,2e783243ddaad7d4dd7594420d07dacd9193c15ab2dc0f8c3702dec8b4ed89a4,6f73dfc3fa3f5c5f26418b742ce6b7519bce71b72da85c9a47e3129b8ba35ccf,10000,100,5920,5920,0,4080,0,5920,0.592,0.0,1.0,1.0,0.4555761,100,3980,0,100,0.0,0.0,0.0,0.0,0.0,6,200,100,3000,3000,0,3000,1.0,0.0,1.0,,,,
primary_test,2976a9153db4de63,0.7,0.97,500,1.0,carma-benchmark-v2,a2a8f1b3863f098dd796,LFU,pollution_scan,20260903,2e783243ddaad7d4dd7594420d07dacd9193c15ab2dc0f8c3702dec8b4ed89a4,77fbc31ba82d464a2a662cbfda4afc70f17e39a6ea222eb98450c812e015e201,10000,100,5920,5920,0,4080,0,5920,0.592,0.0,1.0,1.0,0.4555761,4080,0,3980,100,0.0,0.0,0.0,0.0,0.0,0,0,0,3000,3000,0,3000,1.0,0.0,1.0,,,,
primary_test,2976a9153db4de63,0.7,0.97,500,1.0,carma-benchmark-v2,333a7bd04a68616ff0f2,LRU,pollution_scan,20260903,2e783243ddaad7d4dd7594420d07dacd9193c15ab2dc0f8c3702dec8b4ed89a4,17433a9a39677d6e0bb2c8ee6d2a98fb1b4b709548fb3606939a23da37035ab7,10000,100,5840,5840,0,4160,80,5920,0.584,0.0,1.0,0.98648649,0.44525647,4160,0,4060,100,0.0,0.0,0.0,0.0,0.0,0,0,0,3000,2920,0,3000,0.97333333,0.0,0.97333333,,,,
primary_test,2976a9153db4de63,0.7,0.97,500,1.0,carma-benchmark-v2,ee530e0abd83cccbcc68,CARMA,pollution_scan,20260904,c4a0a02deaaaecb2783800f6d5a443d457825fd56ccce4fc262d4af90b41d7c8,81a0a4e3f2584c35e45c7c428d7fbe88c571e5b0e21ec448e03b0b373abb15bb,10000,100,5920,5920,0,4080,0,5920,0.592,0.0,1.0,1.0,0.45786899,100,3980,0,100,0.0,0.0,0.0,0.0,0.0,6,200,100,3000,3000,0,3000,1.0,0.0,1.0,,,,
primary_test,2976a9153db4de63,0.7,0.97,500,1.0,carma-benchmark-v2,898b42b7bf6c7268847c,CARMA_NO_ADMISSION,pollution_scan,20260904,c4a0a02deaaaecb2783800f6d5a443d457825fd56ccce4fc262d4af90b41d7c8,bad3dc5ce700920987b45c999efdf8555a2e3939251b60676694d9f543f59a8b,10000,100,5534,5534,0,4466,386,5920,0.5534,0.0,1.0,0.9347973,0.40838402,4466,0,4366,100,0.0,0.0,0.0,0.0,0.0,6,200,100,3000,2614,0,3000,0.87133333,0.0,0.87133333,,,,
primary_test,2976a9153db4de63,0.7,0.97,500,1.0,carma-benchmark-v2,35d516833aa56f9cbd54,CARMA_NO_CLUSTER,pollution_scan,20260904,c4a0a02deaaaecb2783800f6d5a443d457825fd56ccce4fc262d4af90b41d7c8,4eb4fda4f8b2d0d6d10fc9ec2519d76f3e19da778a611e5f9a7d06d5b13d38b8,10000,100,5920,5920,0,4080,0,5920,0.592,0.0,1.0,1.0,0.45786899,100,3980,0,100,0.0,0.0,0.0,0.0,0.0,1,200,100,3000,3000,0,3000,1.0,0.0,1.0,,,,
primary_test,f63a2b52a45510f8,0.7,0.97,infinity,1.0,carma-benchmark-v2,abb35a5c49775ee7cced,CARMA_NO_DECAY,pollution_scan,20260904,c4a0a02deaaaecb2783800f6d5a443d457825fd56ccce4fc262d4af90b41d7c8,07c31427e8eb93544bc8193f59f87bbd218ba439c20e04cb8d49e507ce6a88d1,10000,100,5920,5920,0,4080,0,5920,0.592,0.0,1.0,1.0,0.45786899,100,3980,0,100,0.0,0.0,0.0,0.0,0.0,6,200,100,3000,3000,0,3000,1.0,0.0,1.0,,,,
primary_test,2976a9153db4de63,0.7,0.97,500,1.0,carma-benchmark-v2,dfa52b2b3442ac95bf87,CARMA_NO_QUOTA,pollution_scan,20260904,c4a0a02deaaaecb2783800f6d5a443d457825fd56ccce4fc262d4af90b41d7c8,852968cdc9402237fb60a369b5071c815f93909832f789ac3393def758c3e76d,10000,100,5920,5920,0,4080,0,5920,0.592,0.0,1.0,1.0,0.45786899,100,3980,0,100,0.0,0.0,0.0,0.0,0.0,6,200,100,3000,3000,0,3000,1.0,0.0,1.0,,,,
primary_test,2976a9153db4de63,0.7,0.97,500,1.0,carma-benchmark-v2,9345272e8cb33f8a5bbc,LFU,pollution_scan,20260904,c4a0a02deaaaecb2783800f6d5a443d457825fd56ccce4fc262d4af90b41d7c8,6ac79fc0af041279d7c3b99e7b64a4ad941ab595d9ffe66bf969a70b55bba9a0,10000,100,5920,5920,0,4080,0,5920,0.592,0.0,1.0,1.0,0.45786899,4080,0,3980,100,0.0,0.0,0.0,0.0,0.0,0,0,0,3000,3000,0,3000,1.0,0.0,1.0,,,,
primary_test,2976a9153db4de63,0.7,0.97,500,1.0,carma-benchmark-v2,2dcdfae704c1732cc42c,LRU,pollution_scan,20260904,c4a0a02deaaaecb2783800f6d5a443d457825fd56ccce4fc262d4af90b41d7c8,2ebbc60bf95f5c4c34f56761db60094cc958b8235f9751861407840b3d7d2195,10000,100,5840,5840,0,4160,80,5920,0.584,0.0,1.0,0.98648649,0.44759283,4160,0,4060,100,0.0,0.0,0.0,0.0,0.0,0,0,0,3000,2920,0,3000,0.97333333,0.0,0.97333333,,,,
primary_test,2976a9153db4de63,0.7,0.97,500,1.0,carma-benchmark-v2,c658128fdd2a10e8b4a2,CARMA,pollution_scan,20260905,0fa6d3adfead255147fe857bca6f6daa716fcec745387369bae2c804171c3c5a,d97cc13c688868a94b588a3420933e1124667d66cf05d0951b3a1986eb6e708e,10000,100,5920,5920,0,4080,0,5920,0.592,0.0,1.0,1.0,0.46101066,100,3980,0,100,0.0,0.0,0.0,0.0,0.0,6,200,100,3000,3000,0,3000,1.0,0.0,1.0,,,,
primary_test,2976a9153db4de63,0.7,0.97,500,1.0,carma-benchmark-v2,bd293904ce92822751f2,CARMA_NO_ADMISSION,pollution_scan,20260905,0fa6d3adfead255147fe857bca6f6daa716fcec745387369bae2c804171c3c5a,74cfbf0563060143a28b60abcf2fe3d36293bbb693bc80b0c83df3300eb5c81a,10000,100,5536,5536,0,4464,384,5920,0.5536,0.0,1.0,0.93513514,0.40953241,4464,0,4364,100,0.0,0.0,0.0,0.0,0.0,6,200,100,3000,2616,0,3000,0.872,0.0,0.872,,,,
primary_test,2976a9153db4de63,0.7,0.97,500,1.0,carma-benchmark-v2,c11fad7f65b61095de5b,CARMA_NO_CLUSTER,pollution_scan,20260905,0fa6d3adfead255147fe857bca6f6daa716fcec745387369bae2c804171c3c5a,bba10218bb67ae1966875ce7e8750ffcb6a4cc0515a68601cd245b13aa4ecbe0,10000,100,5920,5920,0,4080,0,5920,0.592,0.0,1.0,1.0,0.46101066,100,3980,0,100,0.0,0.0,0.0,0.0,0.0,1,200,100,3000,3000,0,3000,1.0,0.0,1.0,,,,
primary_test,f63a2b52a45510f8,0.7,0.97,infinity,1.0,carma-benchmark-v2,3560dfb8265d031cbae9,CARMA_NO_DECAY,pollution_scan,20260905,0fa6d3adfead255147fe857bca6f6daa716fcec745387369bae2c804171c3c5a,ccd8d31014e7efc484ada0f73493888c006991c7b625747f52e99195dabc75ff,10000,100,5920,5920,0,4080,0,5920,0.592,0.0,1.0,1.0,0.46101066,100,3980,0,100,0.0,0.0,0.0,0.0,0.0,6,200,100,3000,3000,0,3000,1.0,0.0,1.0,,,,
primary_test,2976a9153db4de63,0.7,0.97,500,1.0,carma-benchmark-v2,69673aa6be49b5fcd276,CARMA_NO_QUOTA,pollution_scan,20260905,0fa6d3adfead255147fe857bca6f6daa716fcec745387369bae2c804171c3c5a,d313c17a35fc277ce1d44f2dc679f104855283797a68e120bd6f73efe6d8263a,10000,100,5920,5920,0,4080,0,5920,0.592,0.0,1.0,1.0,0.46101066,100,3980,0,100,0.0,0.0,0.0,0.0,0.0,6,200,100,3000,3000,0,3000,1.0,0.0,1.0,,,,
primary_test,2976a9153db4de63,0.7,0.97,500,1.0,carma-benchmark-v2,5d3b004e0c4cbf9a0581,LFU,pollution_scan,20260905,0fa6d3adfead255147fe857bca6f6daa716fcec745387369bae2c804171c3c5a,abf0e49ae968a7dc69b0d66384733d27dc913708b8d911fb1d3ec95259e1f5e1,10000,100,5920,5920,0,4080,0,5920,0.592,0.0,1.0,1.0,0.46101066,4080,0,3980,100,0.0,0.0,0.0,0.0,0.0,0,0,0,3000,3000,0,3000,1.0,0.0,1.0,,,,
primary_test,2976a9153db4de63,0.7,0.97,500,1.0,carma-benchmark-v2,eda782fa37f2531d8d10,LRU,pollution_scan,20260905,0fa6d3adfead255147fe857bca6f6daa716fcec745387369bae2c804171c3c5a,487645ece885de75dcda5736dccdad13976ea3be1a434e8b2dc5ebe6cc23078c,10000,100,5840,5840,0,4160,80,5920,0.584,0.0,1.0,0.98648649,0.45079404,4160,0,4060,100,0.0,0.0,0.0,0.0,0.0,0,0,0,3000,2920,0,3000,0.97333333,0.0,0.97333333,,,,
primary_test,2976a9153db4de63,0.7,0.97,500,1.0,carma-benchmark-v2,71e1521242b77604cd20,CARMA,pollution_scan,20260906,d1e429e1f34e50fdddd90d6d7a1cba24de7983ab86bed60873e17a1261feda33,96f6df6b152d0190c702a2861406ac4845166681c2240dadbf9f05bba6d35de0,10000,100,5920,5920,0,4080,0,5920,0.592,0.0,1.0,1.0,0.45675864,100,3980,0,100,0.0,0.0,0.0,0.0,0.0,6,200,100,3000,3000,0,3000,1.0,0.0,1.0,,,,
primary_test,2976a9153db4de63,0.7,0.97,500,1.0,carma-benchmark-v2,8ae307d82367d1cfd719,CARMA_NO_ADMISSION,pollution_scan,20260906,d1e429e1f34e50fdddd90d6d7a1cba24de7983ab86bed60873e17a1261feda33,c3aec2ccc67f27baf5beb0519c7b365b4f7ebba80ddda190a1d3b1aacbf288da,10000,100,5538,5538,0,4462,382,5920,0.5538,0.0,1.0,0.93547297,0.40707665,4462,0,4362,100,0.0,0.0,0.0,0.0,0.0,6,200,100,3000,2618,0,3000,0.87266667,0.0,0.87266667,,,,
primary_test,2976a9153db4de63,0.7,0.97,500,1.0,carma-benchmark-v2,980b78993bee4c597688,CARMA_NO_CLUSTER,pollution_scan,20260906,d1e429e1f34e50fdddd90d6d7a1cba24de7983ab86bed60873e17a1261feda33,1d6990465296e8d8b240c9191b85891cd426595b71062cdffeb289b56577cd67,10000,100,5920,5920,0,4080,0,5920,0.592,0.0,1.0,1.0,0.45675864,100,3980,0,100,0.0,0.0,0.0,0.0,0.0,1,200,100,3000,3000,0,3000,1.0,0.0,1.0,,,,
primary_test,f63a2b52a45510f8,0.7,0.97,infinity,1.0,carma-benchmark-v2,27f6a2ea0334572a071b,CARMA_NO_DECAY,pollution_scan,20260906,d1e429e1f34e50fdddd90d6d7a1cba24de7983ab86bed60873e17a1261feda33,1a6b4361fece37b075345a80be3c27da108f26c6f8b942e8d7134ea7ae8c09f0,10000,100,5920,5920,0,4080,0,5920,0.592,0.0,1.0,1.0,0.45675864,100,3980,0,100,0.0,0.0,0.0,0.0,0.0,6,200,100,3000,3000,0,3000,1.0,0.0,1.0,,,,
primary_test,2976a9153db4de63,0.7,0.97,500,1.0,carma-benchmark-v2,07d977f7f086df7d6f4f,CARMA_NO_QUOTA,pollution_scan,20260906,d1e429e1f34e50fdddd90d6d7a1cba24de7983ab86bed60873e17a1261feda33,73d15d8ad76b6588cb525ff22ac52f58e45cac76e75b2065aaceee1ce92ef681,10000,100,5920,5920,0,4080,0,5920,0.592,0.0,1.0,1.0,0.45675864,100,3980,0,100,0.0,0.0,0.0,0.0,0.0,6,200,100,3000,3000,0,3000,1.0,0.0,1.0,,,,
primary_test,2976a9153db4de63,0.7,0.97,500,1.0,carma-benchmark-v2,4e1023a797004ee953d3,LFU,pollution_scan,20260906,d1e429e1f34e50fdddd90d6d7a1cba24de7983ab86bed60873e17a1261feda33,2dcfcfcd30ddb7a3ec7c9cade6498782daf05a6435d32e86d0c8042a9d6095a5,10000,100,5920,5920,0,4080,0,5920,0.592,0.0,1.0,1.0,0.45675864,4080,0,3980,100,0.0,0.0,0.0,0.0,0.0,0,0,0,3000,3000,0,3000,1.0,0.0,1.0,,,,
primary_test,2976a9153db4de63,0.7,0.97,500,1.0,carma-benchmark-v2,e687364a2249ceb6758d,LRU,pollution_scan,20260906,d1e429e1f34e50fdddd90d6d7a1cba24de7983ab86bed60873e17a1261feda33,29d283f65fe5188ebe18291d79c8f84d1bf5c8ea0f829f4f706017c2fca87d8f,10000,100,5840,5840,0,4160,80,5920,0.584,0.0,1.0,0.98648649,0.44646143,4160,0,4060,100,0.0,0.0,0.0,0.0,0.0,0,0,0,3000,2920,0,3000,0.97333333,0.0,0.97333333,,,,
primary_test,2976a9153db4de63,0.7,0.97,500,1.0,carma-benchmark-v2,8735f9be6b02a6fb70f3,CARMA,pollution_scan,20260907,0b2d8d9d6bab61080028695ea0ce5868f737f45db7ddc1d6d097e8989150e21c,987fc249023db0418e9af567b7f2bb9010f09711046985dd174f01f3031eabe6,10000,100,5920,5920,0,4080,0,5920,0.592,0.0,1.0,1.0,0.45806856,100,3980,0,100,0.0,0.0,0.0,0.0,0.0,6,200,100,3000,3000,0,3000,1.0,0.0,1.0,,,,
primary_test,2976a9153db4de63,0.7,0.97,500,1.0,carma-benchmark-v2,6aa916a4d450c445eac1,CARMA_NO_ADMISSION,pollution_scan,20260907,0b2d8d9d6bab61080028695ea0ce5868f737f45db7ddc1d6d097e8989150e21c,af665e09edd15965b10c04c4344fcbc64c01458c71934ad9c45133a87e8dd005,10000,100,5538,5538,0,4462,382,5920,0.5538,0.0,1.0,0.93547297,0.4090196,4462,0,4362,100,0.0,0.0,0.0,0.0,0.0,6,200,100,3000,2618,0,3000,0.87266667,0.0,0.87266667,,,,
primary_test,2976a9153db4de63,0.7,0.97,500,1.0,carma-benchmark-v2,baee94474d88684a6d6f,CARMA_NO_CLUSTER,pollution_scan,20260907,0b2d8d9d6bab61080028695ea0ce5868f737f45db7ddc1d6d097e8989150e21c,4bed5a8b36cc8d87b7a9f54a6141b069fc115938a9be48d7b8f83d3f863e5b95,10000,100,5920,5920,0,4080,0,5920,0.592,0.0,1.0,1.0,0.45806856,100,3980,0,100,0.0,0.0,0.0,0.0,0.0,1,200,100,3000,3000,0,3000,1.0,0.0,1.0,,,,
primary_test,f63a2b52a45510f8,0.7,0.97,infinity,1.0,carma-benchmark-v2,605280ce3ffd08ab98c1,CARMA_NO_DECAY,pollution_scan,20260907,0b2d8d9d6bab61080028695ea0ce5868f737f45db7ddc1d6d097e8989150e21c,99e7435ef0918ad25096616ac6b4ac50590e431ae8833c53512cd2e75a31cf2f,10000,100,5920,5920,0,4080,0,5920,0.592,0.0,1.0,1.0,0.45806856,100,3980,0,100,0.0,0.0,0.0,0.0,0.0,6,200,100,3000,3000,0,3000,1.0,0.0,1.0,,,,
primary_test,2976a9153db4de63,0.7,0.97,500,1.0,carma-benchmark-v2,916232d09aaf9d3e7086,CARMA_NO_QUOTA,pollution_scan,20260907,0b2d8d9d6bab61080028695ea0ce5868f737f45db7ddc1d6d097e8989150e21c,a93bf4ff52a6d1a9150fd7be58f437839d4e9a7a8505b5edf3ce04e8481d2d59,10000,100,5920,5920,0,4080,0,5920,0.592,0.0,1.0,1.0,0.45806856,100,3980,0,100,0.0,0.0,0.0,0.0,0.0,6,200,100,3000,3000,0,3000,1.0,0.0,1.0,,,,
primary_test,2976a9153db4de63,0.7,0.97,500,1.0,carma-benchmark-v2,a2efa56197aaffdfe8b6,LFU,pollution_scan,20260907,0b2d8d9d6bab61080028695ea0ce5868f737f45db7ddc1d6d097e8989150e21c,b7e29997c6d5170f6769279995329d6111b9d91f197ef6c4c8c85b8502f414b8,10000,100,5920,5920,0,4080,0,5920,0.592,0.0,1.0,1.0,0.45806856,4080,0,3980,100,0.0,0.0,0.0,0.0,0.0,0,0,0,3000,3000,0,3000,1.0,0.0,1.0,,,,
primary_test,2976a9153db4de63,0.7,0.97,500,1.0,carma-benchmark-v2,7cdcc8e906a30546d07f,LRU,pollution_scan,20260907,0b2d8d9d6bab61080028695ea0ce5868f737f45db7ddc1d6d097e8989150e21c,c71a54f3d710e958189ffdef9bc33a6657783b44591a3f73fcc672f2d84d1626,10000,100,5840,5840,0,4160,80,5920,0.584,0.0,1.0,0.98648649,0.44779618,4160,0,4060,100,0.0,0.0,0.0,0.0,0.0,0,0,0,3000,2920,0,3000,0.97333333,0.0,0.97333333,,,,
primary_test,2976a9153db4de63,0.7,0.97,500,1.0,carma-benchmark-v2,3d37ac51c6a95fa02fe1,CARMA,pollution_scan,20260908,f4e337dc44b6acbfb18b7a440e3fcffbb6088fbc6580137779c17b2fd0daa2c2,224296bb7ffc447a6cdb94dfece289d3ad088da0cfa7b339275c6cbe40050246,10000,100,5920,5920,0,4080,0,5920,0.592,0.0,1.0,1.0,0.45684454,100,3980,0,100,0.0,0.0,0.0,0.0,0.0,6,200,100,3000,3000,0,3000,1.0,0.0,1.0,,,,
primary_test,2976a9153db4de63,0.7,0.97,500,1.0,carma-benchmark-v2,14c27369f758acf8386e,CARMA_NO_ADMISSION,pollution_scan,20260908,f4e337dc44b6acbfb18b7a440e3fcffbb6088fbc6580137779c17b2fd0daa2c2,30ef9aac8e3b6a3ae6110efffae10df1dbb5ed8014a7b48dc161129bf2745266,10000,100,5534,5534,0,4466,386,5920,0.5534,0.0,1.0,0.9347973,0.40683171,4466,0,4366,100,0.0,0.0,0.0,0.0,0.0,6,200,100,3000,2614,0,3000,0.87133333,0.0,0.87133333,,,,
primary_test,2976a9153db4de63,0.7,0.97,500,1.0,carma-benchmark-v2,90ed43fd7d57860b8bff,CARMA_NO_CLUSTER,pollution_scan,20260908,f4e337dc44b6acbfb18b7a440e3fcffbb6088fbc6580137779c17b2fd0daa2c2,b515fee17516a116c33151ba67c15e338e394725cd135d2ea82f06d0062b4fc0,10000,100,5920,5920,0,4080,0,5920,0.592,0.0,1.0,1.0,0.45684454,100,3980,0,100,0.0,0.0,0.0,0.0,0.0,1,200,100,3000,3000,0,3000,1.0,0.0,1.0,,,,
primary_test,f63a2b52a45510f8,0.7,0.97,infinity,1.0,carma-benchmark-v2,7f8955339e1c04d201dd,CARMA_NO_DECAY,pollution_scan,20260908,f4e337dc44b6acbfb18b7a440e3fcffbb6088fbc6580137779c17b2fd0daa2c2,edd1e3fbeea2987ac37d5c1c02c99aca647b477275af1b0909737b5112e89c8c,10000,100,5920,5920,0,4080,0,5920,0.592,0.0,1.0,1.0,0.45684454,100,3980,0,100,0.0,0.0,0.0,0.0,0.0,6,200,100,3000,3000,0,3000,1.0,0.0,1.0,,,,
primary_test,2976a9153db4de63,0.7,0.97,500,1.0,carma-benchmark-v2,84c06728d7fc6fdc6977,CARMA_NO_QUOTA,pollution_scan,20260908,f4e337dc44b6acbfb18b7a440e3fcffbb6088fbc6580137779c17b2fd0daa2c2,8490eb444c6291c7aec47720de1fd9802afdd559bf806dbedda137153c0401a3,10000,100,5920,5920,0,4080,0,5920,0.592,0.0,1.0,1.0,0.45684454,100,3980,0,100,0.0,0.0,0.0,0.0,0.0,6,200,100,3000,3000,0,3000,1.0,0.0,1.0,,,,
primary_test,2976a9153db4de63,0.7,0.97,500,1.0,carma-benchmark-v2,e08df1fb68c0dcd055bf,LFU,pollution_scan,20260908,f4e337dc44b6acbfb18b7a440e3fcffbb6088fbc6580137779c17b2fd0daa2c2,d4914641597051f0d7484b3d4dbe2a1e1a8fb21cfdcffdb65e8470dcd892862b,10000,100,5920,5920,0,4080,0,5920,0.592,0.0,1.0,1.0,0.45684454,4080,0,3980,100,0.0,0.0,0.0,0.0,0.0,0,0,0,3000,3000,0,3000,1.0,0.0,1.0,,,,
primary_test,2976a9153db4de63,0.7,0.97,500,1.0,carma-benchmark-v2,56ae98910d94dbe39ed4,LRU,pollution_scan,20260908,f4e337dc44b6acbfb18b7a440e3fcffbb6088fbc6580137779c17b2fd0daa2c2,7c80cadca9c94bcc41d66ce2d7b3dea6194a7f7b1c25e44c5436ed0db3ccf6e5,10000,100,5840,5840,0,4160,80,5920,0.584,0.0,1.0,0.98648649,0.44654896,4160,0,4060,100,0.0,0.0,0.0,0.0,0.0,0,0,0,3000,2920,0,3000,0.97333333,0.0,0.97333333,,,,
primary_test,2976a9153db4de63,0.7,0.97,500,1.0,carma-benchmark-v2,a6fb6754c8995b016b18,CARMA,pollution_scan,20260909,2e3d89f3add2a453faaa1db75f86b5227be3b89e5b1855958cd67b561e770d70,a3604423542c57c12d2df393eb996e7d127b01cae8ebed852239302495c85330,10000,100,5920,5920,0,4080,0,5920,0.592,0.0,1.0,1.0,0.4543456,100,3980,0,100,0.0,0.0,0.0,0.0,0.0,6,200,100,3000,3000,0,3000,1.0,0.0,1.0,,,,
primary_test,2976a9153db4de63,0.7,0.97,500,1.0,carma-benchmark-v2,1a0092ccb48fb3f3a05b,CARMA_NO_ADMISSION,pollution_scan,20260909,2e3d89f3add2a453faaa1db75f86b5227be3b89e5b1855958cd67b561e770d70,89681e814422a13892823d2293cb773412d23b58f76ce0cc7f2488631169db91,10000,100,5542,5542,0,4458,378,5920,0.5542,0.0,1.0,0.93614865,0.40481553,4458,0,4358,100,0.0,0.0,0.0,0.0,0.0,6,200,100,3000,2622,0,3000,0.874,0.0,0.874,,,,
primary_test,2976a9153db4de63,0.7,0.97,500,1.0,carma-benchmark-v2,112354c6f6cedcf56fbd,CARMA_NO_CLUSTER,pollution_scan,20260909,2e3d89f3add2a453faaa1db75f86b5227be3b89e5b1855958cd67b561e770d70,cbcfa467838c0dc77fbe4dbd81ed91fc9385ce3114e70bb3fe753abba9e94dbf,10000,100,5920,5920,0,4080,0,5920,0.592,0.0,1.0,1.0,0.4543456,100,3980,0,100,0.0,0.0,0.0,0.0,0.0,1,200,100,3000,3000,0,3000,1.0,0.0,1.0,,,,
primary_test,f63a2b52a45510f8,0.7,0.97,infinity,1.0,carma-benchmark-v2,0a7dafcc28e8d39fdafe,CARMA_NO_DECAY,pollution_scan,20260909,2e3d89f3add2a453faaa1db75f86b5227be3b89e5b1855958cd67b561e770d70,fbb0515d954c3e2902cc5c420ece4c5eb344e0a8f388670c0ddb3b279a68f474,10000,100,5920,5920,0,4080,0,5920,0.592,0.0,1.0,1.0,0.4543456,100,3980,0,100,0.0,0.0,0.0,0.0,0.0,6,200,100,3000,3000,0,3000,1.0,0.0,1.0,,,,
primary_test,2976a9153db4de63,0.7,0.97,500,1.0,carma-benchmark-v2,ac6e05fab886ddd1a804,CARMA_NO_QUOTA,pollution_scan,20260909,2e3d89f3add2a453faaa1db75f86b5227be3b89e5b1855958cd67b561e770d70,f21aa24cc6803b29e425d00c49ca6ce35a230c023a03d9791c61e3611d88a609,10000,100,5920,5920,0,4080,0,5920,0.592,0.0,1.0,1.0,0.4543456,100,3980,0,100,0.0,0.0,0.0,0.0,0.0,6,200,100,3000,3000,0,3000,1.0,0.0,1.0,,,,
primary_test,2976a9153db4de63,0.7,0.97,500,1.0,carma-benchmark-v2,6f6c6e24a7554d252d71,LFU,pollution_scan,20260909,2e3d89f3add2a453faaa1db75f86b5227be3b89e5b1855958cd67b561e770d70,b6073c0090e2bf1771aa62a708cc3ba4743ce844f0a420e513aa2428a6f641d9,10000,100,5919,5919,0,4081,1,5920,0.5919,0.0,1.0,0.99983108,0.45427402,4081,0,3981,100,0.0,0.0,0.0,0.0,0.0,0,0,0,3000,2999,0,3000,0.99966667,0.0,0.99966667,,,,
primary_test,2976a9153db4de63,0.7,0.97,500,1.0,carma-benchmark-v2,a10c94a865d3325edc8f,LRU,pollution_scan,20260909,2e3d89f3add2a453faaa1db75f86b5227be3b89e5b1855958cd67b561e770d70,4597e379e7336a3a3e5a4fcaf8ffaf82216197d63fa2f3bef8fca6746adefab8,10000,100,5840,5840,0,4160,80,5920,0.584,0.0,1.0,0.98648649,0.44400265,4160,0,4060,100,0.0,0.0,0.0,0.0,0.0,0,0,0,3000,2920,0,3000,0.97333333,0.0,0.97333333,,,,
primary_test,2976a9153db4de63,0.7,0.97,500,1.0,carma-benchmark-v2,7aa29ab7bb663d84452d,CARMA,pollution_scan,20260910,de607bb718ecbce0cfd53ff689a2b3dec2d71774d4babe62ff9e49ef40155708,b176a2a5a43184af7d6e07662140b4562ad3c9f32beb3bf5f4bcf2f44acbb99d,10000,100,5920,5920,0,4080,0,5920,0.592,0.0,1.0,1.0,0.45389364,100,3980,0,100,0.0,0.0,0.0,0.0,0.0,6,200,100,3000,3000,0,3000,1.0,0.0,1.0,,,,
primary_test,2976a9153db4de63,0.7,0.97,500,1.0,carma-benchmark-v2,011cc39e401cc7c2b03e,CARMA_NO_ADMISSION,pollution_scan,20260910,de607bb718ecbce0cfd53ff689a2b3dec2d71774d4babe62ff9e49ef40155708,f1fb7ec5d80c36424d9a76509fc75121baaaa2eac677988540b403e33a75ebe6,10000,100,5547,5547,0,4453,373,5920,0.5547,0.0,1.0,0.93699324,0.40351488,4453,0,4353,100,0.0,0.0,0.0,0.0,0.0,6,200,100,3000,2627,0,3000,0.87566667,0.0,0.87566667,,,,
primary_test,2976a9153db4de63,0.7,0.97,500,1.0,carma-benchmark-v2,0af107a35ae443e6bb2d,CARMA_NO_CLUSTER,pollution_scan,20260910,de607bb718ecbce0cfd53ff689a2b3dec2d71774d4babe62ff9e49ef40155708,1c36a6fb46799eb54222e6d3641a59d516d79e9fd8b75d75dc89a827d434774c,10000,100,5920,5920,0,4080,0,5920,0.592,0.0,1.0,1.0,0.45389364,100,3980,0,100,0.0,0.0,0.0,0.0,0.0,1,200,100,3000,3000,0,3000,1.0,0.0,1.0,,,,
primary_test,f63a2b52a45510f8,0.7,0.97,infinity,1.0,carma-benchmark-v2,4c3a18798c34d520a0b6,CARMA_NO_DECAY,pollution_scan,20260910,de607bb718ecbce0cfd53ff689a2b3dec2d71774d4babe62ff9e49ef40155708,429f80cc854ee66e5649aec74299c57211d23839fa57408f476b09539a3e9db0,10000,100,5920,5920,0,4080,0,5920,0.592,0.0,1.0,1.0,0.45389364,100,3980,0,100,0.0,0.0,0.0,0.0,0.0,6,200,100,3000,3000,0,3000,1.0,0.0,1.0,,,,
primary_test,2976a9153db4de63,0.7,0.97,500,1.0,carma-benchmark-v2,6f4459f3089fb9435684,CARMA_NO_QUOTA,pollution_scan,20260910,de607bb718ecbce0cfd53ff689a2b3dec2d71774d4babe62ff9e49ef40155708,5e6ffebd97208c5967395da7b0b72d96879c205f95e6b435566e3c8c88872693,10000,100,5920,5920,0,4080,0,5920,0.592,0.0,1.0,1.0,0.45389364,100,3980,0,100,0.0,0.0,0.0,0.0,0.0,6,200,100,3000,3000,0,3000,1.0,0.0,1.0,,,,
primary_test,2976a9153db4de63,0.7,0.97,500,1.0,carma-benchmark-v2,4961b5bc6838650f84d2,LFU,pollution_scan,20260910,de607bb718ecbce0cfd53ff689a2b3dec2d71774d4babe62ff9e49ef40155708,294e1fc0d6ac6bc2ef14e3f2de02dde88323ccf9f16c116b0e8fd4c83e0e9e21,10000,100,5919,5919,0,4081,1,5920,0.5919,0.0,1.0,0.99983108,0.45381612,4081,0,3981,100,0.0,0.0,0.0,0.0,0.0,0,0,0,3000,2999,0,3000,0.99966667,0.0,0.99966667,,,,
primary_test,2976a9153db4de63,0.7,0.97,500,1.0,carma-benchmark-v2,387acd3639b7ca7a15f3,LRU,pollution_scan,20260910,de607bb718ecbce0cfd53ff689a2b3dec2d71774d4babe62ff9e49ef40155708,50202292e4a46bbd672939fe4663363fc044a58f1e1237718892da684a9e0364,10000,100,5840,5840,0,4160,80,5920,0.584,0.0,1.0,0.98648649,0.44354213,4160,0,4060,100,0.0,0.0,0.0,0.0,0.0,0,0,0,3000,2920,0,3000,0.97333333,0.0,0.97333333,,,,
primary_test,2976a9153db4de63,0.7,0.97,500,1.0,carma-benchmark-v2,3e62a6805df647ac9b08,CARMA,stationary,20260901,7f3a93e37d7e7010fc8b96d1f08ad6db5165c5979c405059d78a870f6ffcd910,9dfd975cc757843e7b48e1d149037ff0b12da32653bfd46f059303b226005fdc,10000,100,5394,5394,0,4606,1754,7148,0.5394,0.0,1.0,0.75461668,0.44391067,374,4232,274,100,0.0,0.0,0.0,0.0,0.0,6,200,100,,,,,,,,,,,
primary_test,2976a9153db4de63,0.7,0.97,500,1.0,carma-benchmark-v2,a1e2c3024c62f8c6b877,CARMA_NO_ADMISSION,stationary,20260901,7f3a93e37d7e7010fc8b96d1f08ad6db5165c5979c405059d78a870f6ffcd910,eda84cc0b77e2c300621d38b8f3ee2bf3129ff2e7eb5b244f05deb41a80719ac,10000,100,5246,5246,0,4754,1902,7148,0.5246,0.0,1.0,0.73391158,0.42457266,4754,0,4654,100,0.0,0.0,0.0,0.0,0.0,6,200,100,,,,,,,,,,,
primary_test,2976a9153db4de63,0.7,0.97,500,1.0,carma-benchmark-v2,4aee8f7775ed367344d4,CARMA_NO_CLUSTER,stationary,20260901,7f3a93e37d7e7010fc8b96d1f08ad6db5165c5979c405059d78a870f6ffcd910,672bb75fd75199a785327a4152f99403ae1faa8af14a618bcc7ae018e8c7e686,10000,100,5447,5447,0,4553,1701,7148,0.5447,0.0,1.0,0.76203134,0.45217012,346,4207,246,100,0.0,0.0,0.0,0.0,0.0,1,200,100,,,,,,,,,,,
primary_test,f63a2b52a45510f8,0.7,0.97,infinity,1.0,carma-benchmark-v2,edc696ccf3587f7dce2e,CARMA_NO_DECAY,stationary,20260901,7f3a93e37d7e7010fc8b96d1f08ad6db5165c5979c405059d78a870f6ffcd910,ead99434ec25006101b9ae842bf6b820b6d735699c48efce35f79e560e9ee943,10000,100,5407,5407,0,4593,1741,7148,0.5407,0.0,1.0,0.75643537,0.44522887,202,4391,102,100,0.0,0.0,0.0,0.0,0.0,6,200,100,,,,,,,,,,,
primary_test,2976a9153db4de63,0.7,0.97,500,1.0,carma-benchmark-v2,a9cc7058ec9ea4713812,CARMA_NO_QUOTA,stationary,20260901,7f3a93e37d7e7010fc8b96d1f08ad6db5165c5979c405059d78a870f6ffcd910,fbf86a43fc108f23c20051b8c9ac417d45d910e30d012ce34eba46d620a04187,10000,100,5447,5447,0,4553,1701,7148,0.5447,0.0,1.0,0.76203134,0.45217012,346,4207,246,100,0.0,0.0,0.0,0.0,0.0,6,200,100,,,,,,,,,,,
primary_test,2976a9153db4de63,0.7,0.97,500,1.0,carma-benchmark-v2,51bb6f1094d12df194d4,LFU,stationary,20260901,7f3a93e37d7e7010fc8b96d1f08ad6db5165c5979c405059d78a870f6ffcd910,723876c616c75d430683b6b30f8d5fc93008d9b23ca648847be2ea22e22a34b1,10000,100,4778,4778,0,5222,2370,7148,0.4778,0.0,1.0,0.66843872,0.36498284,5222,0,5122,100,0.0,0.0,0.0,0.0,0.0,0,0,0,,,,,,,,,,,
primary_test,2976a9153db4de63,0.7,0.97,500,1.0,carma-benchmark-v2,e65cfb157ab342421479,LRU,stationary,20260901,7f3a93e37d7e7010fc8b96d1f08ad6db5165c5979c405059d78a870f6ffcd910,3af26ff1864be6cb0d6a6589bec5f96ca29e9295cc9f9be45fbbdc3cff4f9c78,10000,100,4278,4278,0,5722,2870,7148,0.4278,0.0,1.0,0.59848909,0.30213006,5722,0,5622,100,0.0,0.0,0.0,0.0,0.0,0,0,0,,,,,,,,,,,
primary_test,2976a9153db4de63,0.7,0.97,500,1.0,carma-benchmark-v2,52d4c1647f1b210358f6,CARMA,stationary,20260902,46910714c951f6fbbc88236ddffad29f8d953c012a39ca17f76eb1f1739d97e0,267d1ce613a5c562748b9a909c88b5da7477ae440a5e1949b8282e3828d6de89,10000,100,5413,5413,0,4587,1726,7139,0.5413,0.0,1.0,0.75822944,0.43618199,355,4232,255,100,0.0,0.0,0.0,0.0,0.0,6,200,100,,,,,,,,,,,
primary_test,2976a9153db4de63,0.7,0.97,500,1.0,carma-benchmark-v2,22a92199b144a329b66a,CARMA_NO_ADMISSION,stationary,20260902,46910714c951f6fbbc88236ddffad29f8d953c012a39ca17f76eb1f1739d97e0,bd269a0df54693a3b64b8b01831dd10b26d9629a468234373abc4b1cc18495d2,10000,100,5230,5230,0,4770,1909,7139,0.523,0.0,1.0,0.7325956,0.41266284,4770,0,4670,100,0.0,0.0,0.0,0.0,0.0,6,200,100,,,,,,,,,,,
primary_test,2976a9153db4de63,0.7,0.97,500,1.0,carma-benchmark-v2,ae54a764f03ef03c7506,CARMA_NO_CLUSTER,stationary,20260902,46910714c951f6fbbc88236ddffad29f8d953c012a39ca17f76eb1f1739d97e0,2eb3296385abf4f641034887c243e65d6ef74d821deadfbf26023fe628d8a199,10000,100,5458,5458,0,4542,1681,7139,0.5458,0.0,1.0,0.76453285,0.44284313,341,4201,241,100,0.0,0.0,0.0,0.0,0.0,1,200,100,,,,,,,,,,,
primary_test,f63a2b52a45510f8,0.7,0.97,infinity,1.0,carma-benchmark-v2,47ee4ce8cf9e5ffe9968,CARMA_NO_DECAY,stationary,20260902,46910714c951f6fbbc88236ddffad29f8d953c012a39ca17f76eb1f1739d97e0,f9a19b8d2cfc98fe80e2d5c97ab77d707e732bd2f2813770f390bee359a03a50,10000,100,5443,5443,0,4557,1696,7139,0.5443,0.0,1.0,0.76243171,0.44230243,180,4377,80,100,0.0,0.0,0.0,0.0,0.0,6,200,100,,,,,,,,,,,
primary_test,2976a9153db4de63,0.7,0.97,500,1.0,carma-benchmark-v2,5f8dedf512542ff26026,CARMA_NO_QUOTA,stationary,20260902,46910714c951f6fbbc88236ddffad29f8d953c012a39ca17f76eb1f1739d97e0,bf87baff774e4dd45b03980bd5db69688f0af532e71798a9d155443e4f20a6f8,10000,100,5458,5458,0,4542,1681,7139,0.5458,0.0,1.0,0.76453285,0.44284313,341,4201,241,100,0.0,0.0,0.0,0.0,0.0,6,200,100,,,,,,,,,,,
primary_test,2976a9153db4de63,0.7,0.97,500,1.0,carma-benchmark-v2,2625f4351b04b558b3c4,LFU,stationary,20260902,46910714c951f6fbbc88236ddffad29f8d953c012a39ca17f76eb1f1739d97e0,5ea52ced26babe7b71b214575f82a9760d1e7826a7bf15e39543d7ea2e83cca1,10000,100,4691,4691,0,5309,2448,7139,0.4691,0.0,1.0,0.65709483,0.34074151,5309,0,5209,100,0.0,0.0,0.0,0.0,0.0,0,0,0,,,,,,,,,,,
primary_test,2976a9153db4de63,0.7,0.97,500,1.0,carma-benchmark-v2,c5fbf37424385a71849f,LRU,stationary,20260902,46910714c951f6fbbc88236ddffad29f8d953c012a39ca17f76eb1f1739d97e0,5807342923b1d6b6e1dc83445bb9cbc15fb1b5aecfb99dbd76a569a4b4430ab2,10000,100,4244,4244,0,5756,2895,7139,0.4244,0.0,1.0,0.59448102,0.29534241,5756,0,5656,100,0.0,0.0,0.0,0.0,0.0,0,0,0,,,,,,,,,,,
primary_test,2976a9153db4de63,0.7,0.97,500,1.0,carma-benchmark-v2,a24acfc1e015c563da6f,CARMA,stationary,20260903,a14ee464e7b0c1b1d7227890b71cf8678d10fd53c0ef3b3ff469830070a8adc1,7c12bc0d05acc05b359d618161ffa6ebfb8ef4ddfe0e5aba53399c86045b0755,10000,100,5522,5522,0,4478,1627,7149,0.5522,0.0,1.0,0.77241572,0.47246225,319,4159,219,100,0.0,0.0,0.0,0.0,0.0,6,200,100,,,,,,,,,,,
primary_test,2976a9153db4de63,0.7,0.97,500,1.0,carma-benchmark-v2,97158a5753a056caa7db,CARMA_NO_ADMISSION,stationary,20260903,a14ee464e7b0c1b1d7227890b71cf8678d10fd53c0ef3b3ff469830070a8adc1,26b44d74d2bc84c81e09749a93d046998f3bb0adc7fcaf3078c209fca015805f,10000,100,5337,5337,0,4663,1812,7149,0.5337,0.0,1.0,0.74653798,0.44422289,4663,0,4563,100,0.0,0.0,0.0,0.0,0.0,6,200,100,,,,,,,,,,,
primary_test,2976a9153db4de63,0.7,0.97,500,1.0,carma-benchmark-v2,bc3053af343d8771f064,CARMA_NO_CLUSTER,stationary,20260903,a14ee464e7b0c1b1d7227890b71cf8678d10fd53c0ef3b3ff469830070a8adc1,2a757fdc7ae61dd5f7a41c78754530f0ed5eaca49ef4a15eed6cfe188e13cb6a,10000,100,5522,5522,0,4478,1627,7149,0.5522,0.0,1.0,0.77241572,0.47135572,313,4165,213,100,0.0,0.0,0.0,0.0,0.0,1,200,100,,,,,,,,,,,
primary_test,f63a2b52a45510f8,0.7,0.97,infinity,1.0,carma-benchmark-v2,0501a4a00807397d267c,CARMA_NO_DECAY,stationary,20260903,a14ee464e7b0c1b1d7227890b71cf8678d10fd53c0ef3b3ff469830070a8adc1,e3caca76af4727c453254d1864457beb6080ff9cfc0d37f4d840e3b0589ec0f4,10000,100,5529,5529,0,4471,1620,7149,0.5529,0.0,1.0,0.77339488,0.47768601,198,4273,98,100,0.0,0.0,0.0,0.0,0.0,6,200,100,,,,,,,,,,,
primary_test,2976a9153db4de63,0.7,0.97,500,1.0,carma-benchmark-v2,ca0ed09bc427905f463b,CARMA_NO_QUOTA,stationary,20260903,a14ee464e7b0c1b1d7227890b71cf8678d10fd53c0ef3b3ff469830070a8adc1,a07c0d635dd21dcfb21ef8ffe7f27a62cf87da4d50525a7b9fa5bc292e50c93e,10000,100,5522,5522,0,4478,1627,7149,0.5522,0.0,1.0,0.77241572,0.47135572,313,4165,213,100,0.0,0.0,0.0,0.0,0.0,6,200,100,,,,,,,,,,,
primary_test,2976a9153db4de63,0.7,0.97,500,1.0,carma-benchmark-v2,af6e0fcae3325d194ecd,LFU,stationary,20260903,a14ee464e7b0c1b1d7227890b71cf8678d10fd53c0ef3b3ff469830070a8adc1,f0591b463bd58dad9c4e55090dbf589bbd2202dd72c2218e30ae3349b6186c70,10000,100,4789,4789,0,5211,2360,7149,0.4789,0.0,1.0,0.6698839,0.37056404,5211,0,5111,100,0.0,0.0,0.0,0.0,0.0,0,0,0,,,,,,,,,,,
primary_test,2976a9153db4de63,0.7,0.97,500,1.0,carma-benchmark-v2,e0f8c753a5db6e91a29d,LRU,stationary,20260903,a14ee464e7b0c1b1d7227890b71cf8678d10fd53c0ef3b3ff469830070a8adc1,bc46f985b959ee21dc339c82740107a7cd4b55047f5bad3a6a6574d73be6836f,10000,100,4356,4356,0,5644,2793,7149,0.4356,0.0,1.0,0.60931599,0.31955166,5644,0,5544,100,0.0,0.0,0.0,0.0,0.0,0,0,0,,,,,,,,,,,
primary_test,2976a9153db4de63,0.7,0.97,500,1.0,carma-benchmark-v2,7fc3cd0bac6e80ab6960,CARMA,stationary,20260904,d617955aa4b50b89a3c31a0348f375a374ecfbbb0f4c12e3a7382ccab84658a8,7cc3efb9e75f3d2b1a7826418f50238431e8286640a33b2c96e3dadffbecbf6a,10000,100,5417,5417,0,4583,1713,7130,0.5417,0.0,1.0,0.75974755,0.48290389,368,4215,268,100,0.0,0.0,0.0,0.0,0.0,6,200,100,,,,,,,,,,,
primary_test,2976a9153db4de63,0.7,0.97,500,1.0,carma-benchmark-v2,eec8f320229ec95e9aad,CARMA_NO_ADMISSION,stationary,20260904,d617955aa4b50b89a3c31a0348f375a374ecfbbb0f4c12e3a7382ccab84658a8,2fd9f2e1a89268153c7fcc12410036a832fb4d5342b49617d3e292bc5626a7cc,10000,100,5276,5276,0,4724,1854,7130,0.5276,0.0,1.0,0.73997195,0.46301855,4724,0,4624,100,0.0,0.0,0.0,0.0,0.0,6,200,100,,,,,,,,,,,
primary_test,2976a9153db4de63,0.7,0.97,500,1.0,carma-benchmark-v2,d52b849a2547d31b8bb0,CARMA_NO_CLUSTER,stationary,20260904,d617955aa4b50b89a3c31a0348f375a374ecfbbb0f4c12e3a7382ccab84658a8,6572aa6a19becc20a9a132d767d01c01f8088e4e5cac0acf2e79812b7f585ad3,10000,100,5476,5476,0,4524,1654,7130,0.5476,0.0,1.0,0.76802244,0.48819714,347,4177,247,100,0.0,0.0,0.0,0.0,0.0,1,200,100,,,,,,,,,,,
primary_test,f63a2b52a45510f8,0.7,0.97,infinity,1.0,carma-benchmark-v2,779a630b4e1c2ed3ed00,CARMA_NO_DECAY,stationary,20260904,d617955aa4b50b89a3c31a0348f375a374ecfbbb0f4c12e3a7382ccab84658a8,18f4f24ad65cb2779bb0c11e1f3c01eb287a8ff36981dbbb527059625f44ca3c,10000,100,5491,5491,0,4509,1639,7130,0.5491,0.0,1.0,0.77012623,0.49144656,192,4317,92,100,0.0,0.0,0.0,0.0,0.0,6,200,100,,,,,,,,,,,
primary_test,2976a9153db4de63,0.7,0.97,500,1.0,carma-benchmark-v2,50e170403ffd6a6a6160,CARMA_NO_QUOTA,stationary,20260904,d617955aa4b50b89a3c31a0348f375a374ecfbbb0f4c12e3a7382ccab84658a8,dfcd8bd66092fe25633faf3d72ae157550952e8e4209dacda9b729a01788a3d6,10000,100,5476,5476,0,4524,1654,7130,0.5476,0.0,1.0,0.76802244,0.48819714,347,4177,247,100,0.0,0.0,0.0,0.0,0.0,6,200,100,,,,,,,,,,,
primary_test,2976a9153db4de63,0.7,0.97,500,1.0,carma-benchmark-v2,7ac44e204b68b91bf8f1,LFU,stationary,20260904,d617955aa4b50b89a3c31a0348f375a374ecfbbb0f4c12e3a7382ccab84658a8,dbe3aa1d5ca55815b944590808df740320f051016b8d8c9e65725e21cfab9af6,10000,100,4591,4591,0,5409,2539,7130,0.4591,0.0,1.0,0.64389902,0.36155046,5409,0,5309,100,0.0,0.0,0.0,0.0,0.0,0,0,0,,,,,,,,,,,
primary_test,2976a9153db4de63,0.7,0.97,500,1.0,carma-benchmark-v2,2b35cb963815a11715d5,LRU,stationary,20260904,d617955aa4b50b89a3c31a0348f375a374ecfbbb0f4c12e3a7382ccab84658a8,ca163f1daf0bfef80b94d9e5051ecaa947ce4202438c3a9f6813b3615b820dec,10000,100,4281,4281,0,5719,2849,7130,0.4281,0.0,1.0,0.60042076,0.33783448,5719,0,5619,100,0.0,0.0,0.0,0.0,0.0,0,0,0,,,,,,,,,,,
primary_test,2976a9153db4de63,0.7,0.97,500,1.0,carma-benchmark-v2,0f9a3cc049bdd8c17bae,CARMA,stationary,20260905,71801167b7fcf28bf68a83541c75a93c367b79240227c9997b39382b7c891f74,6b63bde341a2fe952b1663c78319ae28d6dfba16ffb8bb79d8b42af9069b55cb,10000,100,5452,5452,0,4548,1714,7166,0.5452,0.0,1.0,0.76081496,0.48175495,350,4198,250,100,0.0,0.0,0.0,0.0,0.0,6,200,100,,,,,,,,,,,
primary_test,2976a9153db4de63,0.7,0.97,500,1.0,carma-benchmark-v2,223072298d1f4bc89953,CARMA_NO_ADMISSION,stationary,20260905,71801167b7fcf28bf68a83541c75a93c367b79240227c9997b39382b7c891f74,f8ef985f0dbbd166ab0933931972d25a8d795882750d98bd1fa27e6ff2d6166d,10000,100,5226,5226,0,4774,1940,7166,0.5226,0.0,1.0,0.72927714,0.45435943,4774,0,4674,100,0.0,0.0,0.0,0.0,0.0,6,200,100,,,,,,,,,,,
primary_test,2976a9153db4de63,0.7,0.97,500,1.0,carma-benchmark-v2,aa212cec5e308e48c4ea,CARMA_NO_CLUSTER,stationary,20260905,71801167b7fcf28bf68a83541c75a93c367b79240227c9997b39382b7c891f74,926720b75e4936619e5a20051cbdb050c58b4825526c0f84fb3870becc5f4e93,10000,100,5446,5446,0,4554,1720,7166,0.5446,0.0,1.0,0.75997767,0.4790602,340,4214,240,100,0.0,0.0,0.0,0.0,0.0,1,200,100,,,,,,,,,,,
primary_test,f63a2b52a45510f8,0.7,0.97,infinity,1.0,carma-benchmark-v2,6e376d7aec1d4ae1489a,CARMA_NO_DECAY,stationary,20260905,71801167b7fcf28bf68a83541c75a93c367b79240227c9997b39382b7c891f74,c2db9759d1385c762788658cf880767e7faeb0d9f85446389a7ee1103279f007,10000,100,5503,5503,0,4497,1663,7166,0.5503,0.0,1.0,0.7679319,0.48869306,186,4311,86,100,0.0,0.0,0.0,0.0,0.0,6,200,100,,,,,,,,,,,
primary_test,2976a9153db4de63,0.7,0.97,500,1.0,carma-benchmark-v2,7d6f30d7d4e99898d1de,CARMA_NO_QUOTA,stationary,20260905,71801167b7fcf28bf68a83541c75a93c367b79240227c9997b39382b7c891f74,94945af638c8a1901bdc4c805e07a5f40ed38a49d5383813f7afd372e7f79444,10000,100,5446,5446,0,4554,1720,7166,0.5446,0.0,1.0,0.75997767,0.4790602,340,4214,240,100,0.0,0.0,0.0,0.0,0.0,6,200,100,,,,,,,,,,,
primary_test,2976a9153db4de63,0.7,0.97,500,1.0,carma-benchmark-v2,d9cbcf21152bed92cdbc,LFU,stationary,20260905,71801167b7fcf28bf68a83541c75a93c367b79240227c9997b39382b7c891f74,28793740782cd4a273ca1eea35a77fbd4d2d682ed0c0f6ab134c36abca45c7fa,10000,100,4855,4855,0,5145,2311,7166,0.4855,0.0,1.0,0.67750488,0.4014441,5145,0,5045,100,0.0,0.0,0.0,0.0,0.0,0,0,0,,,,,,,,,,,
primary_test,2976a9153db4de63,0.7,0.97,500,1.0,carma-benchmark-v2,2ef4df017ee157355eb6,LRU,stationary,20260905,71801167b7fcf28bf68a83541c75a93c367b79240227c9997b39382b7c891f74,27efd5f404c07ecdbbe5ee5f4ce63e91a64646bd4b1c066129b3f9bf9fb43df8,10000,100,4339,4339,0,5661,2827,7166,0.4339,0.0,1.0,0.60549819,0.34345728,5661,0,5561,100,0.0,0.0,0.0,0.0,0.0,0,0,0,,,,,,,,,,,
primary_test,2976a9153db4de63,0.7,0.97,500,1.0,carma-benchmark-v2,146eb59d77fcaa36733a,CARMA,stationary,20260906,fedbfc541b18a3978398313715d137d274869766c1bbb8f22ed973224153d755,dc20259ac56bf26950f367331347f0c9d9ec80f7dfaee46cc77febf01f5c2f1f,10000,100,5420,5420,0,4580,1748,7168,0.542,0.0,1.0,0.75613839,0.45111632,413,4167,313,100,0.0,0.0,0.0,0.0,0.0,6,200,100,,,,,,,,,,,
primary_test,2976a9153db4de63,0.7,0.97,500,1.0,carma-benchmark-v2,a86ace180b6e50725d8b,CARMA_NO_ADMISSION,stationary,20260906,fedbfc541b18a3978398313715d137d274869766c1bbb8f22ed973224153d755,3e0ef1164ce268315df58d2f03b877aba6b9b863878bd6ec7769381155718db9,10000,100,5272,5272,0,4728,1896,7168,0.5272,0.0,1.0,0.73549107,0.43415974,4728,0,4628,100,0.0,0.0,0.0,0.0,0.0,6,200,100,,,,,,,,,,,
primary_test,2976a9153db4de63,0.7,0.97,500,1.0,carma-benchmark-v2,73878113ae4c9a1119f1,CARMA_NO_CLUSTER,stationary,20260906,fedbfc541b18a3978398313715d137d274869766c1bbb8f22ed973224153d755,7710184a747c71f1f715f78f8eec2a95e20f75e16b422f33667e41aaaf7d6b95,10000,100,5426,5426,0,4574,1742,7168,0.5426,0.0,1.0,0.75697545,0.45161437,397,4177,297,100,0.0,0.0,0.0,0.0,0.0,1,200,100,,,,,,,,,,,
primary_test,f63a2b52a45510f8,0.7,0.97,infinity,1.0,carma-benchmark-v2,b92110e5911f98d8504b,CARMA_NO_DECAY,stationary,20260906,fedbfc541b18a3978398313715d137d274869766c1bbb8f22ed973224153d755,e90af2ea53a26071a3d3cb59a9030bf37015a47ed78d27bbf8511f6b1a950680,10000,100,5440,5440,0,4560,1728,7168,0.544,0.0,1.0,0.75892857,0.45723676,204,4356,104,100,0.0,0.0,0.0,0.0,0.0,6,200,100,,,,,,,,,,,
primary_test,2976a9153db4de63,0.7,0.97,500,1.0,carma-benchmark-v2,fd9e9d7f750964fdb8c7,CARMA_NO_QUOTA,stationary,20260906,fedbfc541b18a3978398313715d137d274869766c1bbb8f22ed973224153d755,776e8b2b02aa65a32161422c97fadd8a0ed1d87dd2c4594709a18cc8e79dd94b,10000,100,5426,5426,0,4574,1742,7168,0.5426,0.0,1.0,0.75697545,0.45161437,397,4177,297,100,0.0,0.0,0.0,0.0,0.0,6,200,100,,,,,,,,,,,
primary_test,2976a9153db4de63,0.7,0.97,500,1.0,carma-benchmark-v2,8877779b76ed20d6fc60,LFU,stationary,20260906,fedbfc541b18a3978398313715d137d274869766c1bbb8f22ed973224153d755,31000222f8569ed3174aa2f554f1ef7fd4d1f5ff8d25ff8938ad1f83c319a3f5,10000,100,4576,4576,0,5424,2592,7168,0.4576,0.0,1.0,0.63839286,0.35731059,5424,0,5324,100,0.0,0.0,0.0,0.0,0.0,0,0,0,,,,,,,,,,,
primary_test,2976a9153db4de63,0.7,0.97,500,1.0,carma-benchmark-v2,032053fcf0cf9c1666a9,LRU,stationary,20260906,fedbfc541b18a3978398313715d137d274869766c1bbb8f22ed973224153d755,6c7457109ba4414e52d46645a84130d68bf98a1a1b2ffc25ccb9bcbfc1cd0ecc,10000,100,4343,4343,0,5657,2825,7168,0.4343,0.0,1.0,0.60588728,0.31332501,5657,0,5557,100,0.0,0.0,0.0,0.0,0.0,0,0,0,,,,,,,,,,,
primary_test,2976a9153db4de63,0.7,0.97,500,1.0,carma-benchmark-v2,648b775b4c1e5cef4dd8,CARMA,stationary,20260907,9b4ceb57860cc3b79a0b6929370853782bb1ed5086e15b3a7d1f99119508cfca,fa35e5eb5799392ba802a6e7e0e5877452fd720aedc472a6bf896028c58875f8,10000,100,5479,5479,0,4521,1683,7162,0.5479,0.0,1.0,0.76500977,0.4699006,400,4121,300,100,0.0,0.0,0.0,0.0,0.0,6,200,100,,,,,,,,,,,
primary_test,2976a9153db4de63,0.7,0.97,500,1.0,carma-benchmark-v2,1072684c8a92e2b2345e,CARMA_NO_ADMISSION,stationary,20260907,9b4ceb57860cc3b79a0b6929370853782bb1ed5086e15b3a7d1f99119508cfca,c19eaf916def17a8f9b58dc7f8174fae18d0efe52c428c98ffc26fc850ce230f,10000,100,5330,5330,0,4670,1832,7162,0.533,0.0,1.0,0.74420553,0.45313395,4670,0,4570,100,0.0,0.0,0.0,0.0,0.0,6,200,100,,,,,,,,,,,
primary_test,2976a9153db4de63,0.7,0.97,500,1.0,carma-benchmark-v2,c00a98734ffd9c883d63,CARMA_NO_CLUSTER,stationary,20260907,9b4ceb57860cc3b79a0b6929370853782bb1ed5086e15b3a7d1f99119508cfca,e652e3df46594a9089b858912e07c2f6054238430bbcc372b4ddd60ebfcab4ca,10000,100,5526,5526,0,4474,1636,7162,0.5526,0.0,1.0,0.77157219,0.47677012,372,4102,272,100,0.0,0.0,0.0,0.0,0.0,1,200,100,,,,,,,,,,,
primary_test,f63a2b52a45510f8,0.7,0.97,infinity,1.0,carma-benchmark-v2,214e0a0a7e9aae8b9e76,CARMA_NO_DECAY,stationary,20260907,9b4ceb57860cc3b79a0b6929370853782bb1ed5086e15b3a7d1f99119508cfca,55343985a81903051daf5513834bde758fe087bdf127ad6f451493068f70567a,10000,100,5556,5556,0,4444,1606,7162,0.5556,0.0,1.0,0.77576096,0.4799238,198,4246,98,100,0.0,0.0,0.0,0.0,0.0,6,200,100,,,,,,,,,,,
primary_test,2976a9153db4de63,0.7,0.97,500,1.0,carma-benchmark-v2,0ef075a5292a79db7860,CARMA_NO_QUOTA,stationary,20260907,9b4ceb57860cc3b79a0b6929370853782bb1ed5086e15b3a7d1f99119508cfca,08482a761ca275addea0ebb4e5bab4ef333132e23474e8b90f0acc670baab713,10000,100,5526,5526,0,4474,1636,7162,0.5526,0.0,1.0,0.77157219,0.47677012,372,4102,272,100,0.0,0.0,0.0,0.0,0.0,6,200,100,,,,,,,,,,,
primary_test,2976a9153db4de63,0.7,0.97,500,1.0,carma-benchmark-v2,3f8fdc1b51b5c8de440f,LFU,stationary,20260907,9b4ceb57860cc3b79a0b6929370853782bb1ed5086e15b3a7d1f99119508cfca,3d200e001f9597f5c2f30e1cb9c8eaae386001ab2568aa5ada6a638c71bad477,10000,100,4780,4780,0,5220,2382,7162,0.478,0.0,1.0,0.66741134,0.37336627,5220,0,5120,100,0.0,0.0,0.0,0.0,0.0,0,0,0,,,,,,,,,,,
primary_test,2976a9153db4de63,0.7,0.97,500,1.0,carma-benchmark-v2,70cfa9836841b5ac3c89,LRU,stationary,20260907,9b4ceb57860cc3b79a0b6929370853782bb1ed5086e15b3a7d1f99119508cfca,7753006ea89b00e6dce90962c886d34cc617309cc5ca8ddf7a4938d7f4091829,10000,100,4414,4414,0,5586,2748,7162,0.4414,0.0,1.0,0.61630829,0.33523285,5586,0,5486,100,0.0,0.0,0.0,0.0,0.0,0,0,0,,,,,,,,,,,
primary_test,2976a9153db4de63,0.7,0.97,500,1.0,carma-benchmark-v2,aedcf7297bce646a3a69,CARMA,stationary,20260908,4090830a36de5cee31d0b94e4eee116b3614629f09f21e7e4e16f53618dfa7d9,1289aea8cf826e38cb3f77fb528900837850d23d5a67e977b0a016c47e2016a3,10000,100,5434,5434,0,4566,1723,7157,0.5434,0.0,1.0,0.75925667,0.47205304,375,4191,275,100,0.0,0.0,0.0,0.0,0.0,6,200,100,,,,,,,,,,,
primary_test,2976a9153db4de63,0.7,0.97,500,1.0,carma-benchmark-v2,d45d036e61c4c820b465,CARMA_NO_ADMISSION,stationary,20260908,4090830a36de5cee31d0b94e4eee116b3614629f09f21e7e4e16f53618dfa7d9,8df83b805a6e2c2a2a1631e5415937429f45c9ff3ae1aa097db7284ed3b2db78,10000,100,5322,5322,0,4678,1835,7157,0.5322,0.0,1.0,0.74360766,0.45848176,4678,0,4578,100,0.0,0.0,0.0,0.0,0.0,6,200,100,,,,,,,,,,,
primary_test,2976a9153db4de63,0.7,0.97,500,1.0,carma-benchmark-v2,342c1442ed16ec09151b,CARMA_NO_CLUSTER,stationary,20260908,4090830a36de5cee31d0b94e4eee116b3614629f09f21e7e4e16f53618dfa7d9,0160c82b863288db0a51f9eb90f6e05309ed450ce7bec7d6f9d0a4393af09038,10000,100,5510,5510,0,4490,1647,7157,0.551,0.0,1.0,0.76987565,0.48005441,350,4140,250,100,0.0,0.0,0.0,0.0,0.0,1,200,100,,,,,,,,,,,
primary_test,f63a2b52a45510f8,0.7,0.97,infinity,1.0,carma-benchmark-v2,346f9508011fd6f3f019,CARMA_NO_DECAY,stationary,20260908,4090830a36de5cee31d0b94e4eee116b3614629f09f21e7e4e16f53618dfa7d9,54e42b6db88ae105b9051a078693874154ed3a32f0493523dc4b03780ccd15ac,10000,100,5506,5506,0,4494,1651,7157,0.5506,0.0,1.0,0.76931675,0.47826102,205,4289,105,100,0.0,0.0,0.0,0.0,0.0,6,200,100,,,,,,,,,,,
primary_test,2976a9153db4de63,0.7,0.97,500,1.0,carma-benchmark-v2,e8ff516cb89c31af47a5,CARMA_NO_QUOTA,stationary,20260908,4090830a36de5cee31d0b94e4eee116b3614629f09f21e7e4e16f53618dfa7d9,404f9ce2a38c1f4aad40c2f6b6d11a339c0f1043c09d2221f243c18851517cb2,10000,100,5510,5510,0,4490,1647,7157,0.551,0.0,1.0,0.76987565,0.48005441,350,4140,250,100,0.0,0.0,0.0,0.0,0.0,6,200,100,,,,,,,,,,,
primary_test,2976a9153db4de63,0.7,0.97,500,1.0,carma-benchmark-v2,f89401ff12e432d3ca0d,LFU,stationary,20260908,4090830a36de5cee31d0b94e4eee116b3614629f09f21e7e4e16f53618dfa7d9,819e07bc5fe53ab0791af4415425d15ab2aa5bd67ed26d3bef24b7753c3d82f2,10000,100,4807,4807,0,5193,2350,7157,0.4807,0.0,1.0,0.67165013,0.39019315,5193,0,5093,100,0.0,0.0,0.0,0.0,0.0,0,0,0,,,,,,,,,,,
primary_test,2976a9153db4de63,0.7,0.97,500,1.0,carma-benchmark-v2,d15f7f231adcaec914db,LRU,stationary,20260908,4090830a36de5cee31d0b94e4eee116b3614629f09f21e7e4e16f53618dfa7d9,34926f38af7ba7190a62b395eafc80c5b153067325e2f5feeb3dd42a2e5ae563,10000,100,4374,4374,0,5626,2783,7157,0.4374,0.0,1.0,0.61114992,0.34405827,5626,0,5526,100,0.0,0.0,0.0,0.0,0.0,0,0,0,,,,,,,,,,,
primary_test,2976a9153db4de63,0.7,0.97,500,1.0,carma-benchmark-v2,6cb355e2439618d086aa,CARMA,stationary,20260909,4005b647069597ed5bf085e78b45267bd38c72a42b182919ccb36f03881538cb,466a0c1151305141b83881996310d1d1cb907198c984ea8ec55a3f9285aec1e4,10000,100,5538,5538,0,4462,1676,7214,0.5538,0.0,1.0,0.76767397,0.46692751,393,4069,293,100,0.0,0.0,0.0,0.0,0.0,6,200,100,,,,,,,,,,,
primary_test,2976a9153db4de63,0.7,0.97,500,1.0,carma-benchmark-v2,762006e32d21de92a327,CARMA_NO_ADMISSION,stationary,20260909,4005b647069597ed5bf085e78b45267bd38c72a42b182919ccb36f03881538cb,188885492fdee0dfcc25ab7e31b5ccda26535221f6894638f593157d7265a2b7,10000,100,5373,5373,0,4627,1841,7214,0.5373,0.0,1.0,0.74480177,0.4504244,4627,0,4527,100,0.0,0.0,0.0,0.0,0.0,6,200,100,,,,,,,,,,,
primary_test,2976a9153db4de63,0.7,0.97,500,1.0,carma-benchmark-v2,84277698e68c6e48651c,CARMA_NO_CLUSTER,stationary,20260909,4005b647069597ed5bf085e78b45267bd38c72a42b182919ccb36f03881538cb,7ff4f94c8b6db04148c5bccca0ac787a9e1d58e1b8d33d4451de63cb4bd576ce,10000,100,5579,5579,0,4421,1635,7214,0.5579,0.0,1.0,0.77335736,0.47454582,354,4067,254,100,0.0,0.0,0.0,0.0,0.0,1,200,100,,,,,,,,,,,
primary_test,f63a2b52a45510f8,0.7,0.97,infinity,1.0,carma-benchmark-v2,f1022174f332b03d0953,CARMA_NO_DECAY,stationary,20260909,4005b647069597ed5bf085e78b45267bd38c72a42b182919ccb36f03881538cb,72641ab4441f8bffea61f56b48c70f0762ad5531bcd4d33e9894f5a2096921ef,10000,100,5601,5601,0,4399,1613,7214,0.5601,0.0,1.0,0.77640699,0.47755101,190,4209,90,100,0.0,0.0,0.0,0.0,0.0,6,200,100,,,,,,,,,,,
primary_test,2976a9153db4de63,0.7,0.97,500,1.0,carma-benchmark-v2,032057c7d4a8de97fca5,CARMA_NO_QUOTA,stationary,20260909,4005b647069597ed5bf085e78b45267bd38c72a42b182919ccb36f03881538cb,7f53e4955fadc2511f8488d874413ea90b32462dfd29131c2b61ee0ba0f3d100,10000,100,5579,5579,0,4421,1635,7214,0.5579,0.0,1.0,0.77335736,0.47454582,354,4067,254,100,0.0,0.0,0.0,0.0,0.0,6,200,100,,,,,,,,,,,
primary_test,2976a9153db4de63,0.7,0.97,500,1.0,carma-benchmark-v2,991f972ab4d409235c11,LFU,stationary,20260909,4005b647069597ed5bf085e78b45267bd38c72a42b182919ccb36f03881538cb,26e5bde40f38660ed2132ec9797550951980f820461f923c2f6c899307e759ae,10000,100,4700,4700,0,5300,2514,7214,0.47,0.0,1.0,0.65151095,0.34750795,5300,0,5200,100,0.0,0.0,0.0,0.0,0.0,0,0,0,,,,,,,,,,,
primary_test,2976a9153db4de63,0.7,0.97,500,1.0,carma-benchmark-v2,963a0c766905c10a8223,LRU,stationary,20260909,4005b647069597ed5bf085e78b45267bd38c72a42b182919ccb36f03881538cb,c92b34413e44f5c49e42e3290c84be59eacd97124b2ecde1bce4bf31dc1c6ecb,10000,100,4402,4402,0,5598,2812,7214,0.4402,0.0,1.0,0.61020238,0.3276196,5598,0,5498,100,0.0,0.0,0.0,0.0,0.0,0,0,0,,,,,,,,,,,
primary_test,2976a9153db4de63,0.7,0.97,500,1.0,carma-benchmark-v2,922b2cc7ef9b287ee9b9,CARMA,stationary,20260910,e3fdc6a798dbf88429868e6eec8d6000ec0e1bc77646c5da1cb909601808abe8,883f5835e2069b5c35c9fee083922e752fa51d86ad799d017bdefce78fe5352a,10000,100,5567,5567,0,4433,1643,7210,0.5567,0.0,1.0,0.77212205,0.49926131,403,4030,303,100,0.0,0.0,0.0,0.0,0.0,6,200,100,,,,,,,,,,,
primary_test,2976a9153db4de63,0.7,0.97,500,1.0,carma-benchmark-v2,de52588320bfc3237660,CARMA_NO_ADMISSION,stationary,20260910,e3fdc6a798dbf88429868e6eec8d6000ec0e1bc77646c5da1cb909601808abe8,18e737b9749e878d501804c35ebcc0a5dfb0bfe2a94a502226b7c953c401361d,10000,100,5413,5413,0,4587,1797,7210,0.5413,0.0,1.0,0.75076283,0.47844701,4587,0,4487,100,0.0,0.0,0.0,0.0,0.0,6,200,100,,,,,,,,,,,
primary_test,2976a9153db4de63,0.7,0.97,500,1.0,carma-benchmark-v2,9f941069567cc4854c8d,CARMA_NO_CLUSTER,stationary,20260910,e3fdc6a798dbf88429868e6eec8d6000ec0e1bc77646c5da1cb909601808abe8,f70a1ba4b934005469aef659bffaa19a9b412d724a93df9dde3d61d4b675397e,10000,100,5593,5593,0,4407,1617,7210,0.5593,0.0,1.0,0.77572816,0.50116755,366,4041,266,100,0.0,0.0,0.0,0.0,0.0,1,200,100,,,,,,,,,,,
primary_test,f63a2b52a45510f8,0.7,0.97,infinity,1.0,carma-benchmark-v2,1972d7a7e33768151496,CARMA_NO_DECAY,stationary,20260910,e3fdc6a798dbf88429868e6eec8d6000ec0e1bc77646c5da1cb909601808abe8,21ca1240eca76965d91f51e0ad52d56534e5cab76fe4bb02da880cdb6c1d8ca6,10000,100,5632,5632,0,4368,1578,7210,0.5632,0.0,1.0,0.78113731,0.50436037,197,4171,97,100,0.0,0.0,0.0,0.0,0.0,6,200,100,,,,,,,,,,,
primary_test,2976a9153db4de63,0.7,0.97,500,1.0,carma-benchmark-v2,bd5dd8524572742cd52a,CARMA_NO_QUOTA,stationary,20260910,e3fdc6a798dbf88429868e6eec8d6000ec0e1bc77646c5da1cb909601808abe8,eb04bd85e6b2caae4a637925b576caf0d5f67f6b6126d3aee841d0951cc237b0,10000,100,5593,5593,0,4407,1617,7210,0.5593,0.0,1.0,0.77572816,0.50116755,366,4041,266,100,0.0,0.0,0.0,0.0,0.0,6,200,100,,,,,,,,,,,
primary_test,2976a9153db4de63,0.7,0.97,500,1.0,carma-benchmark-v2,64790408ec86adaefc19,LFU,stationary,20260910,e3fdc6a798dbf88429868e6eec8d6000ec0e1bc77646c5da1cb909601808abe8,f45a27b6fe2f52fe9e8e459bc5740d47daeda1398a1244d1a498964967891cdb,10000,100,4947,4947,0,5053,2263,7210,0.4947,0.0,1.0,0.68613037,0.41848767,5053,0,4953,100,0.0,0.0,0.0,0.0,0.0,0,0,0,,,,,,,,,,,
primary_test,2976a9153db4de63,0.7,0.97,500,1.0,carma-benchmark-v2,51aaf90be671918d9ba1,LRU,stationary,20260910,e3fdc6a798dbf88429868e6eec8d6000ec0e1bc77646c5da1cb909601808abe8,73332eab8328520327b097b94dd6ebc14cce7f4f4afa42d94496be6379983e4c,10000,100,4426,4426,0,5574,2784,7210,0.4426,0.0,1.0,0.61386963,0.35792278,5574,0,5474,100,0.0,0.0,0.0,0.0,0.0,0,0,0,,,,,,,,,,,
